{
  "features": [
    "mes",
    "trimestre",
    "semana_anio",
    "mes_sin",
    "mes_cos",
    "mercado_lag1",
    "mercado_lag2",
    "mercado_lag3",
    "mercado_ma3",
    "puerto_freq",
    "importador_freq",
    "densidad_carga",
    "ratio_bruto_neto"
  ],
  "target": "FLETE_UNIT",
  "unidad": "USD/kg",
  "metricas_test": {
    "MAPE_%": 23.38,
    "MAE": 0.039,
    "R2": 0.045
  },
  "nota": "Multiplicar FLETE_UNIT por PESO_NETO para obtener flete total en USD.",
  "densidad_carga_median": 9.565000000000001,
  "ratio_bruto_neto_median": 1.0001816420440783,
  "importador_freq_default": 0.0003658239167547354,
  "puerto_freq": {
    "QINGDAO": 0.798541349716051,
    "SHANGHAI": 0.04968237193259549,
    "SHEKOU": 0.03573460926521653,
    "NINGBO": 0.017640842207950574,
    "XIAMEN": 0.015922050472087054,
    "BUSAN": 0.011776046082200054,
    "YANTIAN": 0.009639169870045408,
    "DALIAN": 0.00877977400211365,
    "BALBOA": 0.006712578536007525,
    "NANJING": 0.0037859872019696426,
    "NANSHA": 0.003774373744294889,
    "XINGANG": 0.00318208740288246,
    "LAZARO CARDENAS": 0.003089179741484432,
    "MANZANILLO": 0.002903364418688376,
    "LIANYUNGANG": 0.0028452971303146086,
    "HONG KONG": 0.002624641434494292,
    "GWANGYANG": 0.002438826111698236,
    "LAEM CHABANG": 0.002311078077275947,
    "BUENAVENTURA": 0.0019394474316838351,
    "FUZHOU": 0.0018349263126110538,
    "TIANJIN NEW PT": 0.0012774803442228855,
    "SHUNDE": 0.001196186140499611,
    "TIANJIN": 0.0009987573600288013,
    "YOKOHAMA": 0.0009406900716550339,
    "CALDERA": 0.0009058496986307734,
    "DA CHAN BAY": 0.0008245554949074988,
    "ROTTERDAM": 0.0007664882065337313,
    "BEIJIAO": 0.0007432612911842242,
    "SANTOS": 0.0007432612911842242,
    "KINGSTON": 0.0006735805451357033,
    "ANTWERPEN": 0.0006038997990871822,
    "PUERTO QUETZAL": 0.0005458325107134147,
    "DALIAN PT": 0.0005226055953639077,
    "SANSHUI": 0.00048776522233964716,
    "YANTAI": 0.0004761517646648937,
    "KAOHSIUNG": 0.0004761517646648937,
    "SHENZHEN": 0.0002903364418688376,
    "QINZHOU": 0.0002787229841940841,
    "ACAJUTLA": 0.00024388261116982358,
    "ZHAPU": 0.0002322691534950701,
    "ITAJAI": 0.00018581532279605606,
    "QINGXI": 0.00016258840744654907,
    "TIANJIN BINHAI INTERNATIONAL APT": 0.00015097494977179556,
    "DAAN": 0.00013936149209704205,
    "XINHUI": 0.00011613457674753505,
    "BUSAN NEW PORT": 0.00011613457674753505,
    "WUHU": 0.00010452111907278154,
    "ITAPOA": 9.290766139802803e-05,
    "ZACATECAS": 8.129420372327454e-05,
    "JIANGYIN": 5.8067288373767524e-05,
    "GUAYAQUIL": 5.8067288373767524e-05,
    "HAMBURG": 4.6453830699014015e-05,
    "MADRAS": 4.6453830699014015e-05,
    "TAYLOR": 4.6453830699014015e-05,
    "WUHAN": 4.6453830699014015e-05,
    "MUNDRA": 3.484037302426051e-05,
    "BALTIMORE": 3.484037302426051e-05,
    "NAGOYA, AICHI": 2.3226915349507008e-05,
    "SAN ANTONIO": 2.3226915349507008e-05,
    "SAO PAULO": 1.1613457674753504e-05,
    "CHONGQING": 1.1613457674753504e-05,
    "PANAMA, CIUDAD DE": 1.1613457674753504e-05,
    "BREMERHAVEN": 1.1613457674753504e-05
  },
  "puertos_dropdown": ["QINGDAO","SHANGHAI","SHEKOU","NINGBO","XIAMEN","BUSAN",
    "YANTIAN","DALIAN","LAEM CHABANG","YOKOHAMA","HONG KONG","NANSHA","NANJING",
    "XINGANG","FUZHOU","TIANJIN","TIANJIN NEW PT","LIANYUNGANG","GWANGYANG",
    "SHUNDE","DA CHAN BAY","BEIJIAO"],
  "serie_mercado": {
    "2021-01": 0.44057,
    "2021-02": 0.579774,
    "2021-03": 0.626272,
    "2021-04": 0.600068,
    "2021-05": 0.602115,
    "2021-06": 0.632464,
    "2021-07": 0.808978,
    "2021-08": 0.849701,
    "2021-09": 0.914895,
    "2021-10": 1.002627,
    "2021-11": 1.077831,
    "2021-12": 1.153744,
    "2022-01": 1.129979,
    "2022-02": 1.100664,
    "2022-03": 0.934098,
    "2022-04": 0.849608,
    "2022-05": 0.657766,
    "2022-06": 0.614684,
    "2022-07": 0.675672,
    "2022-08": 0.790614,
    "2022-09": 0.652903,
    "2022-10": 0.405507,
    "2022-11": 0.282705,
    "2022-12": 0.249898,
    "2023-01": 0.170141,
    "2023-02": 0.131548,
    "2023-03": 0.119778,
    "2023-04": 0.132702,
    "2023-05": 0.152228,
    "2023-06": 0.215125,
    "2023-07": 0.210249,
    "2023-08": 0.174217,
    "2023-09": 0.184235,
    "2023-10": 0.183805,
    "2023-11": 0.1602,
    "2023-12": 0.151842,
    "2024-01": 0.156636,
    "2024-02": 0.161092,
    "2024-03": 0.165585,
    "2024-04": 0.18142,
    "2024-05": 0.205918,
    "2024-06": 0.331044,
    "2024-07": 0.470041,
    "2024-08": 0.601192,
    "2024-09": 0.427649,
    "2024-10": 0.37785,
    "2024-11": 0.329736,
    "2024-12": 0.283487,
    "2025-01": 0.248327,
    "2025-02": 0.239795,
    "2025-03": 0.182248,
    "2025-04": 0.176794,
    "2025-05": 0.154271,
    "2025-06": 0.158321,
    "2025-07": 0.260691,
    "2025-08": 0.2293,
    "2025-09": 0.201325,
    "2025-10": 0.222243,
    "2025-11": 0.17314,
    "2025-12": 0.164545
  }
}