clave,dua,aduana,anio,correlativo,fecha,ruc,agente,partida,canal,n_series,fob,cif,peso_neto,peso_bruto
118-2026-220701-4011101000,118-2026-220701,118,2026,220701,2026-05-10,20112273922,3728,4011101000,VERDE,11,77682.52,82613.73,25290.0,25290.0
118-2026-220867-4011101000,118-2026-220867,118,2026,220867,2026-05-11,20318171701,6496,4011101000,VERDE,42,213242.9,228962.96,93340.0,93340.0
118-2026-221089-4011101000,118-2026-221089,118,2026,221089,2026-05-11,20318171701,8359,4011101000,VERDE,13,51908.5,53159.07,12200.0,12200.0
118-2026-221499-4011101000,118-2026-221499,118,2026,221499,2026-05-11,20606219165,8340,4011101000,VERDE,30,26854.77,29735.33,11117.2,11117.2
118-2026-221802-4011101000,118-2026-221802,118,2026,221802,2026-05-11,20100012856,0221,4011101000,VERDE,17,77698.14,81993.61,19290.0,19290.0
118-2026-222121-4011101000,118-2026-222121,118,2026,222121,2026-05-12,20492565319,7026,4011101000,VERDE,17,45702.68,48670.58,10650.0,10650.0
118-2026-222184-4011101000,118-2026-222184,118,2026,222184,2026-05-12,20318171701,6496,4011101000,VERDE,39,119597.6,131753.44,56350.0,56350.0
118-2026-222205-4011101000,118-2026-222205,118,2026,222205,2026-05-12,20492565319,7026,4011101000,VERDE,21,101477.55,111852.28,32260.0,32260.0
118-2026-222242-4011101000,118-2026-222242,118,2026,222242,2026-05-12,20492565319,7396,4011101000,VERDE,25,37790.12,41197.24,10194.12,10560.0
118-2026-222463-4011101000,118-2026-222463,118,2026,222463,2026-05-12,20140441083,2585,4011101000,VERDE,46,38157.86,41515.22,10450.0,10450.0
118-2026-222766-4011101000,118-2026-222766,118,2026,222766,2026-05-12,20502911385,0177,4011101000,VERDE,26,51582.8,56942.8,23420.0,23420.0
118-2026-223307-4011101000,118-2026-223307,118,2026,223307,2026-05-12,20606219165,8340,4011101000,VERDE,9,28685.98,31572.03,11386.0,11386.0
118-2026-223514-4011101000,118-2026-223514,118,2026,223514,2026-05-12,20318171701,6496,4011101000,VERDE,78,154493.55,157572.3,18543.0,18543.0
118-2026-223527-4011101000,118-2026-223527,118,2026,223527,2026-05-12,20100012856,0221,4011101000,VERDE,7,56831.58,59249.05,13940.0,13940.0
118-2026-223697-4011101000,118-2026-223697,118,2026,223697,2026-05-12,20318171701,6496,4011101000,VERDE,39,201291.29,219250.86,102020.0,102020.0
118-2026-224055-4011101000,118-2026-224055,118,2026,224055,2026-05-13,20140441083,6171,4011101000,VERDE,48,95404.4,107788.99,42085.0,44300.0
118-2026-224304-4011101000,118-2026-224304,118,2026,224304,2026-05-13,20140441083,6171,4011101000,VERDE,36,56167.3,58118.47,8882.5,9350.0
118-2026-224371-4011101000,118-2026-224371,118,2026,224371,2026-05-13,20140441083,6171,4011101000,VERDE,30,57953.26,59807.65,8407.5,8850.0
118-2026-224801-4011101000,118-2026-224801,118,2026,224801,2026-05-13,20606219165,8340,4011101000,VERDE,14,22945.94,25964.77,11440.0,11440.0
118-2026-225469-4011101000,118-2026-225469,118,2026,225469,2026-05-13,20318171701,6496,4011101000,VERDE,18,126125.6,139495.31,56450.0,56450.0
118-2026-226740-4011101000,118-2026-226740,118,2026,226740,2026-05-14,20608482084,7422,4011101000,NARANJA,2,51521.27,54803.65,18140.0,18350.0
118-2026-227135-4011101000,118-2026-227135,118,2026,227135,2026-05-14,20140441083,6171,4011101000,VERDE,23,52558.04,54953.86,10022.5,10550.0
118-2026-227319-4011101000,118-2026-227319,118,2026,227319,2026-05-14,20140441083,6171,4011101000,VERDE,11,47807.7,50693.81,8198.5,8630.0
118-2026-227341-4011101000,118-2026-227341,118,2026,227341,2026-05-14,20608010654,8331,4011101000,NARANJA,40,49832.05,58007.53,20767.0,21670.0
118-2026-228058-4011101000,118-2026-228058,118,2026,228058,2026-05-14,20100012856,0221,4011101000,VERDE,36,55242.48,58092.48,7778.0,7778.0
118-2026-228130-4011101000,118-2026-228130,118,2026,228130,2026-05-14,20506634858,6496,4011101000,VERDE,8,67407.7,72443.9,22740.0,22740.0
118-2026-228531-4011101000,118-2026-228531,118,2026,228531,2026-05-14,20606219165,8340,4011101000,VERDE,19,27330.04,30212.87,11363.94,11363.94
118-2026-228612-4011101000,118-2026-228612,118,2026,228612,2026-05-14,20318171701,6496,4011101000,VERDE,40,83066.45,84564.71,7900.0,7900.0
118-2026-228617-4011101000,118-2026-228617,118,2026,228617,2026-05-14,20318171701,6496,4011101000,VERDE,30,108201.46,117796.33,49030.0,49030.0
118-2026-228723-4011101000,118-2026-228723,118,2026,228723,2026-05-14,20551933041,6658,4011101000,VERDE,3,60690.5,66600.85,20442.5,20772.79
118-2026-228987-4011101000,118-2026-228987,118,2026,228987,2026-05-15,20381499627,4920,4011101000,VERDE,39,162530.7,175771.49,57360.0,57360.0
118-2026-229099-4011101000,118-2026-229099,118,2026,229099,2026-05-15,20492565319,7396,4011101000,VERDE,35,101961.94,107922.98,26174.16,27530.0
118-2026-229217-4011101000,118-2026-229217,118,2026,229217,2026-05-15,20551933041,6658,4011101000,VERDE,16,55692.97,62956.36,18455.2,19080.0
118-2026-229336-4011101000,118-2026-229336,118,2026,229336,2026-05-15,20297970489,3307,4011101000,VERDE,18,27213.4,29991.43,11020.0,11020.0
118-2026-229518-4011101000,118-2026-229518,118,2026,229518,2026-05-15,20318171701,8359,4011101000,VERDE,18,28264.0,30479.23,11580.0,11580.0
118-2026-229684-4011101000,118-2026-229684,118,2026,229684,2026-05-15,20100084768,1225,4011101000,VERDE,22,210176.47,215587.0,51889.08,52720.0
118-2026-229812-4011101000,118-2026-229812,118,2026,229812,2026-05-15,20318171701,8359,4011101000,VERDE,26,132600.1,144762.45,60150.0,60150.0
118-2026-229814-4011101000,118-2026-229814,118,2026,229814,2026-05-15,20608482084,7422,4011101000,NARANJA,4,33100.92,36321.71,12280.0,12380.0
118-2026-229839-4011101000,118-2026-229839,118,2026,229839,2026-05-15,20381499627,4920,4011101000,VERDE,18,101893.0,109453.0,48470.0,48470.0
118-2026-229920-4011101000,118-2026-229920,118,2026,229920,2026-05-15,20318171701,6437,4011101000,VERDE,42,152585.28,168329.4,71980.0,71980.0
118-2026-230463-4011101000,118-2026-230463,118,2026,230463,2026-05-15,20318171701,6437,4011101000,VERDE,47,163913.52,182274.61,75900.0,75900.0
118-2026-231146-4011101000,118-2026-231146,118,2026,231146,2026-05-15,20318171701,6496,4011101000,VERDE,15,125331.3,137490.01,56650.0,56650.0
118-2026-231326-4011101000,118-2026-231326,118,2026,231326,2026-05-15,20522199495,4867,4011101000,ROJO,8,171087.34,188929.99,215348.3,219311.0
118-2026-231708-4011101000,118-2026-231708,118,2026,231708,2026-05-16,20318171701,8359,4011101000,VERDE,24,63921.58,64527.83,10306.22,10306.22
118-2026-231715-4011101000,118-2026-231715,118,2026,231715,2026-05-16,20318171701,8359,4011101000,VERDE,19,37634.5,40137.56,8900.0,8900.0
118-2026-232091-4011101000,118-2026-232091,118,2026,232091,2026-05-16,20464428730,7530,4011101000,VERDE,1,54390.0,57555.85,9785.2,9840.0
118-2026-232725-4011101000,118-2026-232725,118,2026,232725,2026-05-18,20381499627,4920,4011101000,VERDE,18,61525.97,62229.92,9970.0,9970.0
118-2026-232947-4011101000,118-2026-232947,118,2026,232947,2026-05-18,20318171701,6496,4011101000,VERDE,48,178864.06,197232.63,83520.0,83520.0
118-2026-233150-4011101000,118-2026-233150,118,2026,233150,2026-05-18,20167930868,6892,4011101000,VERDE,82,27607.1,30564.16,10450.0,10450.0
118-2026-233238-4011101000,118-2026-233238,118,2026,233238,2026-05-18,20100012856,0221,4011101000,VERDE,7,36241.0,38649.61,8100.0,8100.0
118-2026-233247-4011101000,118-2026-233247,118,2026,233247,2026-05-18,20464428730,7530,4011101000,VERDE,5,26488.2,29154.6,11480.0,11480.0
118-2026-233459-4011101000,118-2026-233459,118,2026,233459,2026-05-18,20100084768,1225,4011101000,VERDE,13,99370.71,101599.93,24802.55,26400.0
118-2026-234405-4011101000,118-2026-234405,118,2026,234405,2026-05-19,20464428730,7530,4011101000,VERDE,86,81380.42,91586.12,31350.0,31350.0
118-2026-234770-4011101000,118-2026-234770,118,2026,234770,2026-05-19,20318171701,8359,4011101000,VERDE,20,50487.2,52553.46,10500.0,10500.0
118-2026-234850-4011101000,118-2026-234850,118,2026,234850,2026-05-19,20318171701,8359,4011101000,VERDE,39,83702.03,87804.78,18380.0,18380.0
118-2026-235998-4011101000,118-2026-235998,118,2026,235998,2026-05-19,20318171701,8359,4011101000,VERDE,25,36771.6,39274.23,8660.0,8660.0
118-2026-236082-4011101000,118-2026-236082,118,2026,236082,2026-05-19,20100012856,0221,4011101000,VERDE,4,70484.57,73106.83,17350.0,17350.0
118-2026-236304-4011101000,118-2026-236304,118,2026,236304,2026-05-19,20492565319,7026,4011101000,VERDE,34,46755.81,49726.07,10630.0,10630.0
118-2026-236435-4011101000,118-2026-236435,118,2026,236435,2026-05-19,20446389328,1874,4011101000,VERDE,8,24447.46,26911.46,11390.5,11990.0
118-2026-236437-4011101000,118-2026-236437,118,2026,236437,2026-05-19,20167930868,6892,4011101000,VERDE,1,26224.76,28838.72,12060.0,12060.0
118-2026-236783-4011101000,118-2026-236783,118,2026,236783,2026-05-19,20537874105,8331,4011101000,VERDE,8,74650.0,80748.75,31844.0,33520.0
118-2026-237286-4011101000,118-2026-237286,118,2026,237286,2026-05-20,20100012856,0221,4011101000,VERDE,21,138568.72,153331.25,44065.71,45830.0
118-2026-237539-4011101000,118-2026-237539,118,2026,237539,2026-05-20,20167930868,6892,4011101000,VERDE,1,26224.76,28838.72,11920.0,11920.0
118-2026-237602-4011101000,118-2026-237602,118,2026,237602,2026-05-20,20606219165,8340,4011101000,VERDE,15,25774.92,28502.24,10850.0,10850.0
118-2026-238416-4011101000,118-2026-238416,118,2026,238416,2026-05-20,20297970489,5866,4011101000,VERDE,27,23241.84,25805.08,11240.0,11240.0
118-2026-239676-4011101000,118-2026-239676,118,2026,239676,2026-05-21,20297970489,3307,4011101000,VERDE,47,170506.7,185922.32,98080.0,98080.0
118-2026-239805-4011101000,118-2026-239805,118,2026,239805,2026-05-21,20318171701,6496,4011101000,VERDE,53,209077.84,227461.51,106810.0,106810.0
118-2026-239830-4011101000,118-2026-239830,118,2026,239830,2026-05-21,20297970489,3307,4011101000,VERDE,13,31620.02,34192.59,10350.0,10350.0
118-2026-239994-4011101000,118-2026-239994,118,2026,239994,2026-05-21,20167930868,6892,4011101000,VERDE,72,28100.5,30807.98,10470.0,10470.0
118-2026-240130-4011101000,118-2026-240130,118,2026,240130,2026-05-21,20100025915,7332,4011101000,VERDE,6,28313.5,31688.2,11900.0,11900.0
118-2026-240629-4011101000,118-2026-240629,118,2026,240629,2026-05-21,20517547434,8331,4011101000,NARANJA,80,99292.76,110242.64,42440.0,42440.0
118-2026-240676-4011101000,118-2026-240676,118,2026,240676,2026-05-21,20100012856,0221,4011101000,VERDE,4,34453.5,37331.3,10360.0,10360.0
118-2026-240847-4011101000,118-2026-240847,118,2026,240847,2026-05-21,20506634858,6496,4011101000,VERDE,20,183695.62,199935.54,88640.0,88640.0
118-2026-240893-4011101000,118-2026-240893,118,2026,240893,2026-05-21,20492565319,7026,4011101000,VERDE,10,26401.63,29045.06,11100.0,11100.0
118-2026-241277-4011101000,118-2026-241277,118,2026,241277,2026-05-22,20502911385,0177,4011101000,VERDE,37,76019.0,83684.0,34620.0,34620.0
118-2026-241308-4011101000,118-2026-241308,118,2026,241308,2026-05-22,20506634858,6496,4011101000,VERDE,89,257359.98,281400.61,122120.0,122120.0
118-2026-241338-4011101000,118-2026-241338,118,2026,241338,2026-05-22,20318171701,8359,4011101000,VERDE,30,51879.39,53936.05,9650.0,9650.0
118-2026-242103-4011101000,118-2026-242103,118,2026,242103,2026-05-22,20297970489,3307,4011101000,VERDE,8,52623.6,57477.8,30500.0,30500.0
118-2026-242465-4011101000,118-2026-242465,118,2026,242465,2026-05-22,20100012856,0221,4011101000,VERDE,1,37063.6,40769.55,11540.0,11540.0
118-2026-242599-4011101000,118-2026-242599,118,2026,242599,2026-05-22,20297970489,3307,4011101000,VERDE,21,28365.44,30934.66,11200.0,11200.0
118-2026-242837-4011101000,118-2026-242837,118,2026,242837,2026-05-22,20297970489,5866,4011101000,VERDE,7,34835.0,37219.84,16580.0,16580.0
118-2026-242925-4011101000,118-2026-242925,118,2026,242925,2026-05-22,20100025915,7332,4011101000,VERDE,15,31993.8,35879.85,11360.0,11360.0
118-2026-243175-4011101000,118-2026-243175,118,2026,243175,2026-05-22,20606219165,8340,4011101000,VERDE,12,27007.04,29718.06,12040.0,12040.0
118-2026-243890-4011101000,118-2026-243890,118,2026,243890,2026-05-22,20603590687,3237,4011101000,VERDE,31,62834.3,69476.81,23890.0,23890.0
118-2026-243920-4011101000,118-2026-243920,118,2026,243920,2026-05-22,20318171701,8359,4011101000,VERDE,14,152010.8,165183.35,66350.0,66350.0
118-2026-243923-4011101000,118-2026-243923,118,2026,243923,2026-05-22,20505592035,3728,4011101000,VERDE,13,32995.42,36185.35,11700.0,11700.0
118-2026-244090-4011101000,118-2026-244090,118,2026,244090,2026-05-23,20318171701,8359,4011101000,VERDE,12,38475.8,41082.33,9800.0,9800.0
118-2026-244299-4011101000,118-2026-244299,118,2026,244299,2026-05-23,20297970489,3307,4011101000,VERDE,5,62337.35,67321.27,30320.0,30320.0
118-2026-244474-4011101000,118-2026-244474,118,2026,244474,2026-05-23,20167930868,6892,4011101000,VERDE,9,28839.99,31729.36,10570.0,10570.0
118-2026-244824-4011101000,118-2026-244824,118,2026,244824,2026-05-23,20603590687,3237,4011101000,VERDE,16,36864.98,40246.35,12900.0,12900.0
118-2026-245134-4011101000,118-2026-245134,118,2026,245134,2026-05-25,20318171701,8359,4011101000,VERDE,12,29133.6,31669.43,10800.0,10800.0
118-2026-245308-4011101000,118-2026-245308,118,2026,245308,2026-05-25,20101130160,5910,4011101000,VERDE,23,78108.19,79981.18,9030.0,9030.0
118-2026-245416-4011101000,118-2026-245416,118,2026,245416,2026-05-25,20167930868,6892,4011101000,VERDE,14,62739.92,65095.5,12360.0,12360.0
118-2026-246169-4011101000,118-2026-246169,118,2026,246169,2026-05-25,20517547434,8331,4011101000,NARANJA,47,49913.7,55093.26,21530.0,21530.0
118-2026-246236-4011101000,118-2026-246236,118,2026,246236,2026-05-25,20318171701,6496,4011101000,VERDE,99,231837.18,241135.51,46640.0,46640.0
118-2026-246272-4011101000,118-2026-246272,118,2026,246272,2026-05-25,20318171701,8359,4011101000,VERDE,20,28322.11,30377.59,10550.0,10550.0
118-2026-246524-4011101000,118-2026-246524,118,2026,246524,2026-05-25,20464428730,7530,4011101000,VERDE,27,26623.93,29603.29,10310.0,10310.0
118-2026-246633-4011101000,118-2026-246633,118,2026,246633,2026-05-25,20167930868,6892,4011101000,VERDE,21,115594.2,117073.07,18450.0,18450.0
118-2026-246818-4011101000,118-2026-246818,118,2026,246818,2026-05-25,20612719030,8331,4011101000,NARANJA,7,37923.46,40643.46,15266.5,16070.0
118-2026-246866-4011101000,118-2026-246866,118,2026,246866,2026-05-25,20100084768,1225,4011101000,VERDE,50,206067.72,210413.2,48515.68,50210.0
118-2026-247440-4011101000,118-2026-247440,118,2026,247440,2026-05-26,20318171701,6496,4011101000,VERDE,43,128668.16,140988.62,53400.0,53400.0
118-2026-247471-4011101000,118-2026-247471,118,2026,247471,2026-05-26,20318171701,8359,4011101000,VERDE,14,35929.5,38393.69,7650.0,7650.0
118-2026-247536-4011101000,118-2026-247536,118,2026,247536,2026-05-26,20318171701,6496,4011101000,VERDE,69,195169.6,209079.25,80500.0,80500.0
118-2026-247613-4011101000,118-2026-247613,118,2026,247613,2026-05-26,20492565319,7026,4011101000,VERDE,28,61826.73,67046.93,21630.0,21630.0
118-2026-247715-4011101000,118-2026-247715,118,2026,247715,2026-05-26,20100012856,0221,4011101000,VERDE,12,46499.15,48761.63,10400.0,10400.0
118-2026-248022-4011101000,118-2026-248022,118,2026,248022,2026-05-26,20318171701,6496,4011101000,VERDE,6,128810.0,141130.53,59654.0,59654.0
118-2026-248110-4011101000,118-2026-248110,118,2026,248110,2026-05-26,20100012856,0221,4011101000,VERDE,20,100036.56,105267.11,23590.0,23590.0
118-2026-248509-4011101000,118-2026-248509,118,2026,248509,2026-05-26,20550856337,8331,4011101000,NARANJA,21,30348.26,33953.49,10516.5,11070.0
118-2026-250163-4011101000,118-2026-250163,118,2026,250163,2026-05-27,20106472310,7530,4011101000,VERDE,35,26556.78,30056.78,10778.86,10790.0
118-2026-250210-4011101000,118-2026-250210,118,2026,250210,2026-05-27,20140441083,2585,4011101000,VERDE,37,56850.44,61003.19,10450.0,10450.0
118-2026-250253-4011101000,118-2026-250253,118,2026,250253,2026-05-27,20610475524,7026,4011101000,NARANJA,23,27146.84,29836.54,10230.0,10230.0
118-2026-250322-4011101000,118-2026-250322,118,2026,250322,2026-05-27,20167930868,6892,4011101000,VERDE,29,107960.86,114074.12,13650.0,13650.0
118-2026-250495-4011101000,118-2026-250495,118,2026,250495,2026-05-27,20254009254,1874,4011101000,VERDE,19,64096.49,69519.78,19409.17,20414.94
118-2026-250564-4011101000,118-2026-250564,118,2026,250564,2026-05-27,20606539909,8331,4011101000,NARANJA,41,51279.34,56824.53,21200.0,21200.0
118-2026-251082-4011101000,118-2026-251082,118,2026,251082,2026-05-27,20464428730,7530,4011101000,VERDE,24,29790.9,32817.76,10621.0,11180.0
118-2026-251218-4011101000,118-2026-251218,118,2026,251218,2026-05-27,20318171701,6496,4011101000,VERDE,22,148958.2,161318.82,69140.0,69140.0
118-2026-251349-4011101000,118-2026-251349,118,2026,251349,2026-05-27,20380130336,6437,4011101000,VERDE,43,59897.9,62460.6,3999.55,4200.0
118-2026-252266-4011101000,118-2026-252266,118,2026,252266,2026-05-28,20318171701,8359,4011101000,VERDE,52,124107.29,141394.57,75794.0,75794.0
118-2026-252581-4011101000,118-2026-252581,118,2026,252581,2026-05-28,20537874105,8331,4011101000,VERDE,8,37307.0,40546.6,16480.0,16480.0
118-2026-253319-4011101000,118-2026-253319,118,2026,253319,2026-05-28,20506634858,6496,4011101000,VERDE,9,85004.86,92401.04,33530.0,33530.0
118-2026-253399-4011101000,118-2026-253399,118,2026,253399,2026-05-28,20101130160,5910,4011101000,VERDE,9,35324.58,38482.58,13810.0,13810.0
118-2026-253492-4011101000,118-2026-253492,118,2026,253492,2026-05-28,20167930868,6892,4011101000,VERDE,7,53686.42,54838.02,10345.27,10360.0
118-2026-253561-4011101000,118-2026-253561,118,2026,253561,2026-05-28,20464428730,7530,4011101000,VERDE,18,62279.73,64530.88,9650.0,9650.0
118-2026-255218-4011101000,118-2026-255218,118,2026,255218,2026-05-29,20101130160,5910,4011101000,VERDE,33,44789.39,46281.88,3110.0,3110.0
118-2026-255273-4011101000,118-2026-255273,118,2026,255273,2026-05-29,20140441083,2585,4011101000,VERDE,43,149277.7,166433.57,67900.0,67900.0
118-2026-255334-4011101000,118-2026-255334,118,2026,255334,2026-05-29,20506634858,6496,4011101000,VERDE,22,86524.36,93921.3,34240.0,34240.0
118-2026-255882-4011101000,118-2026-255882,118,2026,255882,2026-05-29,20492565319,7396,4011101000,VERDE,29,37350.25,40510.59,9831.81,10210.0
118-2026-255887-4011101000,118-2026-255887,118,2026,255887,2026-05-29,20492565319,7396,4011101000,VERDE,65,52300.88,57887.58,19883.5,20480.0
118-2026-255905-4011101000,118-2026-255905,118,2026,255905,2026-05-29,20574716200,1900,4011101000,VERDE,13,30447.33,33407.33,12030.0,12050.0
118-2026-256008-4011101000,118-2026-256008,118,2026,256008,2026-05-29,20492565319,7396,4011101000,VERDE,18,92732.04,98861.52,22377.92,22960.0
118-2026-256042-4011101000,118-2026-256042,118,2026,256042,2026-05-29,20549272585,5794,4011101000,VERDE,32,29209.8,31757.36,13940.0,13940.0
118-2026-256053-4011101000,118-2026-256053,118,2026,256053,2026-05-29,20101130160,5910,4011101000,VERDE,27,30058.09,32708.09,10560.0,10560.0
118-2026-256087-4011101000,118-2026-256087,118,2026,256087,2026-05-29,20101130160,5910,4011101000,VERDE,3,25526.0,28168.19,13470.0,13470.0
118-2026-256128-4011101000,118-2026-256128,118,2026,256128,2026-05-29,20318171701,6437,4011101000,VERDE,34,180071.7,196555.14,84371.0,84371.0
118-2026-256310-4011101000,118-2026-256310,118,2026,256310,2026-05-29,20100012856,0221,4011101000,VERDE,1,37063.6,40369.55,11688.46,13080.0
118-2026-256410-4011101000,118-2026-256410,118,2026,256410,2026-05-29,20100012856,0221,4011101000,VERDE,1,17517.6,19280.36,2720.0,2720.0
118-2026-256599-4011101000,118-2026-256599,118,2026,256599,2026-05-29,20318171701,6437,4011101000,VERDE,22,176045.7,190966.23,74614.9,78060.0
118-2026-256646-4011101000,118-2026-256646,118,2026,256646,2026-05-29,20318171701,6437,4011101000,VERDE,37,194930.2,209860.72,87532.05,90560.0
118-2026-256908-4011101000,118-2026-256908,118,2026,256908,2026-05-29,20100084768,1225,4011101000,VERDE,50,156705.27,159996.51,32260.0,32260.0
118-2026-257328-4011101000,118-2026-257328,118,2026,257328,2026-05-30,20318171701,8359,4011101000,VERDE,23,36238.3,38702.64,9000.0,9000.0
118-2026-257336-4011101000,118-2026-257336,118,2026,257336,2026-05-30,20318171701,8359,4011101000,VERDE,8,144033.0,156361.14,68195.0,68195.0
118-2026-257698-4011101000,118-2026-257698,118,2026,257698,2026-05-30,20606219165,8340,4011101000,VERDE,8,26764.8,29345.09,11420.0,11420.0
118-2026-258254-4011101000,118-2026-258254,118,2026,258254,2026-06-01,20254009254,1874,4011101000,VERDE,57,71292.88,80148.94,27280.2,28650.0
118-2026-258317-4011101000,118-2026-258317,118,2026,258317,2026-06-01,20140441083,2585,4011101000,VERDE,48,59843.28,64040.93,10750.0,10750.0
118-2026-259026-4011101000,118-2026-259026,118,2026,259026,2026-06-01,20318171701,6437,4011101000,VERDE,14,140673.7,153840.58,65050.0,65050.0
118-2026-259220-4011101000,118-2026-259220,118,2026,259220,2026-06-01,20492565319,7026,4011101000,VERDE,17,43762.2,47132.79,10060.0,10060.0
118-2026-261084-4011101000,118-2026-261084,118,2026,261084,2026-06-01,20551933041,6658,4011101000,VERDE,5,62286.84,68121.15,20774.9,21407.66
118-2026-261178-4011101000,118-2026-261178,118,2026,261178,2026-06-01,20318171701,8359,4011101000,VERDE,61,84124.44,85623.23,7000.0,7000.0
118-2026-263019-4011101000,118-2026-263019,118,2026,263019,2026-06-02,20140441083,2585,4011101000,VERDE,54,40905.22,44403.79,10150.0,10150.0
118-2026-263458-4011101000,118-2026-263458,118,2026,263458,2026-06-02,20140441083,2585,4011101000,VERDE,39,127699.0,142676.92,57550.0,57550.0
118-2026-263488-4011101000,118-2026-263488,118,2026,263488,2026-06-02,20140441083,2585,4011101000,VERDE,21,61063.71,67919.66,24500.0,24500.0
118-2026-263603-4011101000,118-2026-263603,118,2026,263603,2026-06-02,20318171701,6496,4011101000,VERDE,16,120423.2,130960.65,53600.0,53600.0
118-2026-263638-4011101000,118-2026-263638,118,2026,263638,2026-06-02,20140441083,2585,4011101000,VERDE,26,62654.19,66394.0,11950.0,11950.0
118-2026-263663-4011101000,118-2026-263663,118,2026,263663,2026-06-02,20318171701,6496,4011101000,VERDE,28,149750.8,161921.72,73450.0,73450.0
118-2026-264580-4011101000,118-2026-264580,118,2026,264580,2026-06-02,20318171701,6496,4011101000,VERDE,33,135404.5,148568.75,61250.0,61250.0
118-2026-265142-4011101000,118-2026-265142,118,2026,265142,2026-06-02,20100025915,7332,4011101000,VERDE,9,26724.98,30075.85,11436.65,11500.0
118-2026-265675-4011101000,118-2026-265675,118,2026,265675,2026-06-03,20140441083,2585,4011101000,VERDE,31,57428.08,63199.04,22700.0,22700.0
118-2026-265690-4011101000,118-2026-265690,118,2026,265690,2026-06-03,20140441083,2585,4011101000,VERDE,3,30614.0,33417.38,15300.0,15300.0
118-2026-266075-4011101000,118-2026-266075,118,2026,266075,2026-06-03,20318171701,8359,4011101000,VERDE,5,27859.07,30674.4,10950.0,10950.0
118-2026-266192-4011101000,118-2026-266192,118,2026,266192,2026-06-03,20318171701,8359,4011101000,VERDE,21,63929.83,69564.59,21600.0,21600.0
118-2026-266349-4011101000,118-2026-266349,118,2026,266349,2026-06-03,20318171701,8359,4011101000,VERDE,38,123289.2,131815.07,29850.0,29850.0
118-2026-266669-4011101000,118-2026-266669,118,2026,266669,2026-06-03,20318171701,6496,4011101000,VERDE,28,118196.9,130637.18,51650.0,51650.0
118-2026-266725-4011101000,118-2026-266725,118,2026,266725,2026-06-03,20318171701,6496,4011101000,VERDE,38,89564.96,99314.59,42900.0,42900.0
118-2026-266832-4011101000,118-2026-266832,118,2026,266832,2026-06-03,20100012856,0221,4011101000,VERDE,14,136951.7,143700.97,34377.53,34377.53
118-2026-266900-4011101000,118-2026-266900,118,2026,266900,2026-06-03,20100012856,0221,4011101000,VERDE,10,114389.67,119235.51,27865.42,27865.42
118-2026-267140-4011101000,118-2026-267140,118,2026,267140,2026-06-03,20112273922,3728,4011101000,VERDE,11,66569.16,71122.55,24652.0,24780.0
118-2026-267696-4011101000,118-2026-267696,118,2026,267696,2026-06-04,20140441083,2585,4011101000,VERDE,42,68191.2,77659.06,32050.0,32050.0
118-2026-267707-4011101000,118-2026-267707,118,2026,267707,2026-06-04,20140441083,2585,4011101000,VERDE,10,25735.7,28596.38,11800.0,11800.0
118-2026-267708-4011101000,118-2026-267708,118,2026,267708,2026-06-04,20140441083,2585,4011101000,VERDE,16,50188.0,55907.31,23000.0,23000.0
118-2026-267771-4011101000,118-2026-267771,118,2026,267771,2026-06-04,20522199495,4867,4011101000,VERDE,8,63647.59,68911.61,48540.0,48540.0
118-2026-268027-4011101000,118-2026-268027,118,2026,268027,2026-06-04,20297970489,3307,4011101000,VERDE,120,113104.9,125921.4,52210.0,52210.0
118-2026-268102-4011101000,118-2026-268102,118,2026,268102,2026-06-04,20297970489,3307,4011101000,VERDE,101,117264.3,130085.08,53800.0,53800.0
118-2026-268185-4011101000,118-2026-268185,118,2026,268185,2026-06-04,20492565319,7396,4011101000,VERDE,42,88674.29,94315.54,21346.5,22470.0
118-2026-268404-4011101000,118-2026-268404,118,2026,268404,2026-06-04,20318171701,8359,4011101000,VERDE,10,92407.34,101578.1,42000.0,42000.0
118-2026-268853-4011101000,118-2026-268853,118,2026,268853,2026-06-04,20381499627,4920,4011101000,VERDE,2,24094.52,26549.19,10310.0,10310.0
118-2026-269196-4011101000,118-2026-269196,118,2026,269196,2026-06-04,20492565319,7026,4011101000,VERDE,12,34511.8,37152.28,15960.0,15960.0
118-2026-269256-4011101000,118-2026-269256,118,2026,269256,2026-06-04,20522199495,4867,4011101000,ROJO,11,111681.24,125813.24,161444.74,164760.0
118-2026-269600-4011101000,118-2026-269600,118,2026,269600,2026-06-05,20381499627,4920,4011101000,VERDE,10,95076.18,102201.54,36850.0,36850.0
118-2026-269632-4011101000,118-2026-269632,118,2026,269632,2026-06-05,20140441083,2585,4011101000,VERDE,1,24915.0,27709.26,12000.0,12000.0
118-2026-269633-4011101000,118-2026-269633,118,2026,269633,2026-06-05,20140441083,2585,4011101000,VERDE,19,60740.64,67591.75,23300.0,23300.0
118-2026-269634-4011101000,118-2026-269634,118,2026,269634,2026-06-05,20140441083,2585,4011101000,VERDE,9,31224.84,34663.21,11850.0,11850.0
118-2026-269635-4011101000,118-2026-269635,118,2026,269635,2026-06-05,20140441083,2585,4011101000,VERDE,5,23832.5,27139.98,10650.0,10650.0
118-2026-269799-4011101000,118-2026-269799,118,2026,269799,2026-06-05,20140441083,2585,4011101000,VERDE,22,26903.4,30056.95,10850.0,10850.0
118-2026-270103-4011101000,118-2026-270103,118,2026,270103,2026-06-05,20100012856,0221,4011101000,VERDE,15,105788.98,116948.01,32730.83,36360.0
118-2026-270156-4011101000,118-2026-270156,118,2026,270156,2026-06-05,20318171701,6496,4011101000,VERDE,48,232736.0,253662.77,88170.67,88170.67
118-2026-270186-4011101000,118-2026-270186,118,2026,270186,2026-06-05,20140441083,6171,4011101000,VERDE,15,25478.9,28776.08,11143.5,11730.0
118-2026-270349-4011101000,118-2026-270349,118,2026,270349,2026-06-05,20297970489,3307,4011101000,VERDE,17,45188.12,49970.38,21970.0,21970.0
118-2026-270405-4011101000,118-2026-270405,118,2026,270405,2026-06-05,20318171701,6496,4011101000,VERDE,40,122272.4,134619.68,56140.0,56140.0
118-2026-270500-4011101000,118-2026-270500,118,2026,270500,2026-06-05,20492565319,7026,4011101000,VERDE,9,137182.51,146101.03,33330.0,33330.0
118-2026-270507-4011101000,118-2026-270507,118,2026,270507,2026-06-05,20297970489,3307,4011101000,VERDE,35,167821.08,182201.07,95570.0,95570.0
118-2026-270722-4011101000,118-2026-270722,118,2026,270722,2026-06-05,20381499627,4920,4011101000,VERDE,17,241547.9,262199.99,105650.0,105650.0
118-2026-271232-4011101000,118-2026-271232,118,2026,271232,2026-06-05,20318171701,8359,4011101000,VERDE,13,43468.8,46077.83,10999.34,11950.0
118-2026-271356-4011101000,118-2026-271356,118,2026,271356,2026-06-05,20318171701,8359,4011101000,VERDE,26,71980.6,76909.04,18399.89,20630.0
118-2026-273360-4011101000,118-2026-273360,118,2026,273360,2026-06-08,20492565319,7396,4011101000,VERDE,25,40937.76,44103.47,10934.5,11510.0
118-2026-273388-4011101000,118-2026-273388,118,2026,273388,2026-06-08,20537874105,6815,4011101000,VERDE,7,31756.0,34406.0,12000.0,12000.0
118-2026-273535-4011101000,118-2026-273535,118,2026,273535,2026-06-08,20318171701,8359,4011101000,VERDE,13,22791.44,25267.07,10530.0,10530.0
118-2026-273755-4011101000,118-2026-273755,118,2026,273755,2026-06-08,20611446307,7521,4011101000,VERDE,13,23725.24,26315.24,11210.0,11210.0
118-2026-273995-4011101000,118-2026-273995,118,2026,273995,2026-06-08,20318171701,6496,4011101000,VERDE,48,119870.7,133027.18,53950.0,53950.0
118-2026-274018-4011101000,118-2026-274018,118,2026,274018,2026-06-08,20318171701,6496,4011101000,VERDE,20,124666.7,136825.08,55450.0,55450.0
118-2026-274028-4011101000,118-2026-274028,118,2026,274028,2026-06-08,20318171701,8359,4011101000,VERDE,19,47287.83,49343.28,9650.0,9650.0
118-2026-275169-4011101000,118-2026-275169,118,2026,275169,2026-06-08,20100084768,1225,4011101000,VERDE,62,159670.95,163130.25,33961.23,34210.0
118-2026-275454-4011101000,118-2026-275454,118,2026,275454,2026-06-09,20100012856,0221,4011101000,VERDE,14,119246.94,125730.64,30370.0,30370.0
118-2026-275532-4011101000,118-2026-275532,118,2026,275532,2026-06-09,20606219165,8340,4011101000,VERDE,31,23373.84,26543.96,11460.0,11460.0
118-2026-275544-4011101000,118-2026-275544,118,2026,275544,2026-06-09,20381499627,4920,4011101000,VERDE,19,64622.99,65306.3,10300.0,10300.0
118-2026-275700-4011101000,118-2026-275700,118,2026,275700,2026-06-09,20606219165,8340,4011101000,VERDE,28,24004.17,26676.18,10681.63,10681.63
118-2026-275864-4011101000,118-2026-275864,118,2026,275864,2026-06-09,20603590687,3237,4011101000,VERDE,27,25202.79,28430.83,10820.0,10820.0
118-2026-275922-4011101000,118-2026-275922,118,2026,275922,2026-06-09,20603230052,9637,4011101000,VERDE,28,132024.69,135373.15,20861.11,20861.11
118-2026-276352-4011101000,118-2026-276352,118,2026,276352,2026-06-09,20100012856,0221,4011101000,VERDE,11,91286.23,95785.52,22148.19,22148.19
118-2026-276679-4011101000,118-2026-276679,118,2026,276679,2026-06-09,20318171701,6437,4011101000,VERDE,26,216630.5,233133.28,102920.0,102920.0
118-2026-276741-4011101000,118-2026-276741,118,2026,276741,2026-06-09,20100012856,0221,4011101000,VERDE,25,165635.88,174380.42,39596.71,39596.71
118-2026-276775-4011101000,118-2026-276775,118,2026,276775,2026-06-09,20101130160,5910,4011101000,VERDE,42,30449.12,33399.12,10510.0,10510.0
118-2026-277018-4011101000,118-2026-277018,118,2026,277018,2026-06-09,20506634858,6496,4011101000,VERDE,42,151786.24,165969.18,70730.0,70730.0
118-2026-277142-4011101000,118-2026-277142,118,2026,277142,2026-06-09,20318171701,6437,4011101000,VERDE,25,148343.3,161474.0,69114.0,69114.0
118-2026-277303-4011101000,118-2026-277303,118,2026,277303,2026-06-10,20258505213,4038,4011101000,VERDE,28,371650.9,394037.37,143038.65,143038.65
118-2026-277330-4011101000,118-2026-277330,118,2026,277330,2026-06-10,20140441083,2585,4011101000,VERDE,8,23421.2,26413.39,11250.0,11250.0
118-2026-277611-4011101000,118-2026-277611,118,2026,277611,2026-06-10,20140441083,6171,4011101000,VERDE,6,31153.35,34555.65,11428.5,12030.0
118-2026-277634-4011101000,118-2026-277634,118,2026,277634,2026-06-10,20506634858,6496,4011101000,VERDE,34,94079.84,103531.58,42620.0,42620.0
118-2026-277980-4011101000,118-2026-277980,118,2026,277980,2026-06-10,20464428730,7530,4011101000,VERDE,10,63037.14,69182.69,24660.0,24660.0
118-2026-278323-4011101000,118-2026-278323,118,2026,278323,2026-06-10,20318171701,6437,4011101000,VERDE,10,138946.6,152072.6,68250.0,68250.0
118-2026-279085-4011101000,118-2026-279085,118,2026,279085,2026-06-10,20318171701,6496,4011101000,VERDE,34,124801.89,137185.45,59400.0,59400.0
118-2026-279236-4011101000,118-2026-279236,118,2026,279236,2026-06-11,20140441083,2585,4011101000,VERDE,6,35960.0,38972.26,16750.0,16750.0
118-2026-279308-4011101000,118-2026-279308,118,2026,279308,2026-06-11,20609099764,1874,4011101000,ROJO,36,32231.35,34286.39,12150.0,12320.0
118-2026-279336-4011101000,118-2026-279336,118,2026,279336,2026-06-11,20167930868,6892,4011101000,VERDE,16,157049.54,160976.81,30280.0,30280.0
118-2026-279358-4011101000,118-2026-279358,118,2026,279358,2026-06-11,20167930868,6892,4011101000,VERDE,1,51538.4,52655.43,10569.64,10570.0
118-2026-279362-4011101000,118-2026-279362,118,2026,279362,2026-06-11,20100012856,0221,4011101000,VERDE,18,195341.22,204531.33,49220.0,49220.0
118-2026-279412-4011101000,118-2026-279412,118,2026,279412,2026-06-11,20140441083,2585,4011101000,VERDE,62,157603.62,174983.15,68100.0,68100.0
118-2026-279631-4011101000,118-2026-279631,118,2026,279631,2026-06-11,20100025915,7332,4011101000,VERDE,7,28162.2,31534.63,11910.0,11910.0
118-2026-280348-4011101000,118-2026-280348,118,2026,280348,2026-06-11,20100084768,1225,4011101000,VERDE,8,51443.7,52582.05,8870.0,8870.0
118-2026-280683-4011101000,118-2026-280683,118,2026,280683,2026-06-12,20140441083,2585,4011101000,VERDE,22,49215.6,52938.83,10293.74,10293.74
118-2026-280685-4011101000,118-2026-280685,118,2026,280685,2026-06-12,20140441083,2585,4011101000,VERDE,36,71625.4,81314.78,33550.0,33550.0
118-2026-280789-4011101000,118-2026-280789,118,2026,280789,2026-06-12,20140441083,6171,4011101000,VERDE,31,99397.84,106978.65,14725.0,15500.0
118-2026-281369-4011101000,118-2026-281369,118,2026,281369,2026-06-12,20318171701,6437,4011101000,VERDE,29,137635.5,150760.84,62139.0,62250.0
118-2026-281400-4011101000,118-2026-281400,118,2026,281400,2026-06-12,20297970489,3307,4011101000,VERDE,45,50464.5,55216.48,23090.0,23090.0
118-2026-281434-4011101000,118-2026-281434,118,2026,281434,2026-06-12,20607041041,7431,4011101000,NARANJA,6,36029.52,38749.52,15000.0,15779.81
118-2026-282029-4011101000,118-2026-282029,118,2026,282029,2026-06-12,20318171701,6496,4011101000,VERDE,53,163370.54,181171.08,67006.68,67006.68
118-2026-282244-4011101000,118-2026-282244,118,2026,282244,2026-06-12,20607597929,1874,4011101000,NARANJA,6,28911.6,31542.36,14404.85,15163.0
118-2026-282287-4011101000,118-2026-282287,118,2026,282287,2026-06-12,20611446307,7521,4011101000,VERDE,24,30757.5,34068.86,12100.0,12100.0
118-2026-282311-4011101000,118-2026-282311,118,2026,282311,2026-06-12,20318171701,6496,4011101000,VERDE,26,166179.42,184471.61,70180.0,70180.0
118-2026-282517-4011101000,118-2026-282517,118,2026,282517,2026-06-12,20608010654,8331,4011101000,VERDE,24,29163.27,32149.72,10668.5,11230.0
118-2026-282713-4011101000,118-2026-282713,118,2026,282713,2026-06-12,20112273922,3728,4011101000,VERDE,14,114695.48,121197.94,36736.5,38670.0
118-2026-282828-4011101000,118-2026-282828,118,2026,282828,2026-06-12,20603590687,3237,4011101000,VERDE,20,26376.54,29422.19,11380.0,11380.0
118-2026-283265-4011101000,118-2026-283265,118,2026,283265,2026-06-13,20318171701,6437,4011101000,VERDE,79,293998.57,306320.38,61610.0,61610.0
118-2026-283758-4011101000,118-2026-283758,118,2026,283758,2026-06-15,20318171701,6496,4011101000,VERDE,32,125042.69,136510.91,55650.0,55650.0
118-2026-283776-4011101000,118-2026-283776,118,2026,283776,2026-06-15,20140441083,2585,4011101000,VERDE,64,84852.92,94805.72,33350.0,33350.0
118-2026-283777-4011101000,118-2026-283777,118,2026,283777,2026-06-15,20140441083,2585,4011101000,VERDE,33,46622.55,50306.88,9000.0,9000.0
118-2026-283802-4011101000,118-2026-283802,118,2026,283802,2026-06-15,20318171701,6496,4011101000,VERDE,43,123369.4,135752.24,56920.0,56920.0
118-2026-283952-4011101000,118-2026-283952,118,2026,283952,2026-06-15,20140441083,2585,4011101000,VERDE,42,118542.86,130491.31,47420.0,47420.0
118-2026-284116-4011101000,118-2026-284116,118,2026,284116,2026-06-15,20101130160,5910,4011101000,VERDE,15,34591.68,35448.25,2530.0,2530.0
118-2026-284157-4011101000,118-2026-284157,118,2026,284157,2026-06-15,20318171701,8359,4011101000,VERDE,24,81707.41,89140.96,33870.0,33870.0
118-2026-285341-4011101000,118-2026-285341,118,2026,285341,2026-06-15,20492565319,7396,4011101000,VERDE,21,35687.49,38845.12,9814.0,10240.0
118-2026-285679-4011101000,118-2026-285679,118,2026,285679,2026-06-15,20522199495,4867,4011101000,ROJO,4,60542.39,68559.24,81651.9,84320.0
118-2026-286503-4011101000,118-2026-286503,118,2026,286503,2026-06-15,20492565319,7396,4011101000,VERDE,60,52232.49,58555.98,20026.0,21080.0
118-2026-287067-4011101000,118-2026-287067,118,2026,287067,2026-06-16,20318171701,6437,4011101000,VERDE,35,188637.4,211843.27,89340.0,89340.0
118-2026-287074-4011101000,118-2026-287074,118,2026,287074,2026-06-16,20318171701,8359,4011101000,VERDE,9,31221.32,33701.16,14870.0,14870.0
118-2026-287122-4011101000,118-2026-287122,118,2026,287122,2026-06-16,20318171701,6437,4011101000,VERDE,31,176914.91,194260.55,80110.0,80110.0
118-2026-287270-4011101000,118-2026-287270,118,2026,287270,2026-06-16,20140441083,6171,4011101000,VERDE,18,49691.0,56316.36,21023.5,22130.0
118-2026-287445-4011101000,118-2026-287445,118,2026,287445,2026-06-16,20101130160,5910,4011101000,VERDE,47,29849.0,32499.0,9970.0,9970.0
118-2026-288150-4011101000,118-2026-288150,118,2026,288150,2026-06-16,20167930868,6892,4011101000,VERDE,16,62729.96,65085.52,12360.0,12360.0
118-2026-288191-4011101000,118-2026-288191,118,2026,288191,2026-06-16,20167930868,6892,4011101000,VERDE,1,52449.52,57677.78,24000.0,24000.0
118-2026-288498-4011101000,118-2026-288498,118,2026,288498,2026-06-17,20140441083,2585,4011101000,VERDE,19,61167.14,67954.64,24600.0,24600.0
118-2026-288499-4011101000,118-2026-288499,118,2026,288499,2026-06-17,20140441083,2585,4011101000,VERDE,29,61170.72,67147.99,24140.0,24140.0
118-2026-288558-4011101000,118-2026-288558,118,2026,288558,2026-06-17,20100012856,0221,4011101000,VERDE,27,79849.59,83078.49,19820.0,19820.0
118-2026-288920-4011101000,118-2026-288920,118,2026,288920,2026-06-17,20318171701,8359,4011101000,VERDE,17,40348.6,42559.87,10478.0,10478.0
118-2026-289397-4011101000,118-2026-289397,118,2026,289397,2026-06-17,20100012856,0221,4011101000,VERDE,21,102049.19,105611.09,25070.0,25070.0
118-2026-289542-4011101000,118-2026-289542,118,2026,289542,2026-06-17,20318171701,6496,4011101000,VERDE,30,155462.5,168576.75,66906.0,66906.0
118-2026-289738-4011101000,118-2026-289738,118,2026,289738,2026-06-17,20112273922,3728,4011101000,VERDE,15,42529.8,45460.73,14911.0,14950.0
118-2026-289780-4011101000,118-2026-289780,118,2026,289780,2026-06-17,20318171701,6496,4011101000,VERDE,11,125049.2,138148.24,56099.0,56099.0
118-2026-290654-4011101000,118-2026-290654,118,2026,290654,2026-06-18,20318171701,6437,4011101000,VERDE,36,95489.3,105393.97,46270.0,46270.0
118-2026-290816-4011101000,118-2026-290816,118,2026,290816,2026-06-18,20297970489,3307,4011101000,VERDE,29,166606.1,184657.7,97280.0,97280.0
118-2026-290861-4011101000,118-2026-290861,118,2026,290861,2026-06-18,20297970489,3307,4011101000,VERDE,76,90728.1,102741.55,41580.0,41580.0
118-2026-290923-4011101000,118-2026-290923,118,2026,290923,2026-06-18,20167930868,6892,4011101000,VERDE,19,225872.82,228820.97,36530.0,36530.0
118-2026-291060-4011101000,118-2026-291060,118,2026,291060,2026-06-18,20522199495,9330,4011101000,ROJO,10,129819.65,148116.88,190488.55,194570.0
118-2026-291077-4011101000,118-2026-291077,118,2026,291077,2026-06-18,20603230052,9637,4011101000,VERDE,12,54808.42,58200.13,10649.48,10649.48
118-2026-291146-4011101000,118-2026-291146,118,2026,291146,2026-06-18,20254009254,1874,4011101000,VERDE,7,31706.4,34697.99,9087.7,9250.0
118-2026-291278-4011101000,118-2026-291278,118,2026,291278,2026-06-18,20318171701,8359,4011101000,VERDE,2,23138.6,25462.15,10150.0,10150.0
118-2026-291328-4011101000,118-2026-291328,118,2026,291328,2026-06-18,20258505213,4038,4011101000,VERDE,15,30989.1,33741.0,10800.0,10800.0
118-2026-291492-4011101000,118-2026-291492,118,2026,291492,2026-06-18,20318171701,6437,4011101000,VERDE,37,150819.08,166202.14,68083.13,71666.46
118-2026-291761-4011101000,118-2026-291761,118,2026,291761,2026-06-18,20318171701,6437,4011101000,VERDE,50,133387.32,146210.39,62845.36,62845.36
118-2026-291765-4011101000,118-2026-291765,118,2026,291765,2026-06-18,20318171701,6437,4011101000,VERDE,37,204100.61,221459.78,85015.5,89490.0
118-2026-292296-4011101000,118-2026-292296,118,2026,292296,2026-06-19,20140441083,2585,4011101000,VERDE,64,143229.8,161127.19,68020.0,68020.0
118-2026-292362-4011101000,118-2026-292362,118,2026,292362,2026-06-19,20318171701,6437,4011101000,VERDE,22,92226.7,99926.64,45910.0,45910.0
118-2026-292422-4011101000,118-2026-292422,118,2026,292422,2026-06-19,20140441083,2585,4011101000,VERDE,17,81252.22,90021.02,35430.0,35430.0
118-2026-292558-4011101000,118-2026-292558,118,2026,292558,2026-06-19,20611446307,7521,4011101000,VERDE,27,25471.58,28161.58,11940.0,11940.0
118-2026-292791-4011101000,118-2026-292791,118,2026,292791,2026-06-19,20297970489,3307,4011101000,VERDE,50,142746.9,155593.93,81240.0,81240.0
118-2026-293233-4011101000,118-2026-293233,118,2026,293233,2026-06-19,20100012856,0221,4011101000,VERDE,5,30036.03,32602.57,8800.0,8800.0
118-2026-293273-4011101000,118-2026-293273,118,2026,293273,2026-06-19,20318171701,6437,4011101000,VERDE,29,79360.88,91746.35,56730.0,56730.0
118-2026-294086-4011101000,118-2026-294086,118,2026,294086,2026-06-19,20608482084,7422,4011101000,ROJO,10,34632.0,37538.59,15371.0,16160.0
118-2026-294220-4011101000,118-2026-294220,118,2026,294220,2026-06-19,20318171701,6496,4011101000,VERDE,14,134190.1,147293.71,60207.0,60207.0
118-2026-294235-4011101000,118-2026-294235,118,2026,294235,2026-06-19,20318171701,6496,4011101000,VERDE,33,138133.01,155613.14,58400.0,58400.0
118-2026-294497-4011101000,118-2026-294497,118,2026,294497,2026-06-20,20106472310,7530,4011101000,VERDE,17,223246.48,244246.48,104902.1,104902.1
118-2026-294603-4011101000,118-2026-294603,118,2026,294603,2026-06-20,20606219165,8340,4011101000,VERDE,1,32122.62,36368.98,13992.84,13992.84
118-2026-295159-4011101000,118-2026-295159,118,2026,295159,2026-06-22,20464428730,7530,4011101000,VERDE,16,69926.34,76075.23,28110.5,29590.0
118-2026-296099-4011101000,118-2026-296099,118,2026,296099,2026-06-22,20318171701,6496,4011101000,VERDE,31,134209.0,146622.27,58250.0,58250.0
118-2026-296122-4011101000,118-2026-296122,118,2026,296122,2026-06-22,20254009254,9457,4011101000,VERDE,21,24100.82,26953.13,9650.0,9650.0
118-2026-296943-4011101000,118-2026-296943,118,2026,296943,2026-06-22,20446389328,1874,4011101000,ROJO,27,56491.46,61165.46,25900.0,26070.0
118-2026-297276-4011101000,118-2026-297276,118,2026,297276,2026-06-22,20606219165,8340,4011101000,VERDE,14,28459.82,30695.19,12208.02,12208.02
118-2026-297280-4011101000,118-2026-297280,118,2026,297280,2026-06-22,20100084768,1225,4011101000,VERDE,20,54988.01,56222.91,11060.0,11060.0
118-2026-298154-4011101000,118-2026-298154,118,2026,298154,2026-06-22,20318171701,6437,4011101000,VERDE,34,103388.63,113645.42,45470.0,45470.0
118-2026-298211-4011101000,118-2026-298211,118,2026,298211,2026-06-22,20167930868,6892,4011101000,VERDE,4,32437.14,35654.04,6560.0,6560.0
118-2026-298340-4011101000,118-2026-298340,118,2026,298340,2026-06-22,20522199495,4867,4011101000,ROJO,12,99573.5,108196.24,108397.75,108420.0
118-2026-298834-4011101000,118-2026-298834,118,2026,298834,2026-06-23,20606219165,8340,4011101000,VERDE,23,21262.18,24775.96,10680.0,10680.0
118-2026-298859-4011101000,118-2026-298859,118,2026,298859,2026-06-23,20606219165,8340,4011101000,VERDE,17,26719.76,28949.91,11004.74,11004.74
118-2026-298889-4011101000,118-2026-298889,118,2026,298889,2026-06-23,20140441083,2585,4011101000,VERDE,24,78419.4,87378.98,35350.0,35350.0
118-2026-299177-4011101000,118-2026-299177,118,2026,299177,2026-06-23,20606219165,8340,4011101000,VERDE,4,24386.7,27909.86,10600.0,10600.0
118-2026-299266-4011101000,118-2026-299266,118,2026,299266,2026-06-23,20318171701,8359,4011101000,VERDE,20,64534.71,66807.1,10380.0,10380.0
118-2026-301339-4011101000,118-2026-301339,118,2026,301339,2026-06-24,20318171701,8359,4011101000,VERDE,22,64901.2,65507.94,10340.0,10340.0
118-2026-301382-4011101000,118-2026-301382,118,2026,301382,2026-06-24,20318171701,6496,4011101000,VERDE,39,158884.7,171250.28,76639.0,76639.0
118-2026-301466-4011101000,118-2026-301466,118,2026,301466,2026-06-24,20381499627,4920,4011101000,VERDE,11,118019.07,126321.72,44220.0,44220.0
118-2026-301500-4011101000,118-2026-301500,118,2026,301500,2026-06-24,20381499627,4920,4011101000,VERDE,21,269257.32,287209.28,103730.0,103730.0
118-2026-302208-4011101000,118-2026-302208,118,2026,302208,2026-06-24,20549272585,5794,4011101000,VERDE,33,25328.0,28821.03,11010.0,11010.0
118-2026-302287-4011101000,118-2026-302287,118,2026,302287,2026-06-24,20603230052,9637,4011101000,VERDE,38,37282.92,38844.4,3570.0,3570.0
118-2026-302546-4011101000,118-2026-302546,118,2026,302546,2026-06-24,20318171701,6437,4011101000,VERDE,45,168765.13,185687.74,75730.14,75730.14
118-2026-302698-4011101000,118-2026-302698,118,2026,302698,2026-06-24,20492565319,7026,4011101000,VERDE,36,87808.42,94650.18,21450.0,21450.0
118-2026-303640-4011101000,118-2026-303640,118,2026,303640,2026-06-24,20100012856,4303,4011101000,VERDE,20,44381.14,46020.85,10149.94,10149.94
118-2026-304060-4011101000,118-2026-304060,118,2026,304060,2026-06-25,20446389328,1874,4011101000,VERDE,3,23376.9,25970.86,14500.0,14590.0
118-2026-304154-4011101000,118-2026-304154,118,2026,304154,2026-06-25,20318171701,6437,4011101000,VERDE,29,82155.15,89855.05,38162.42,38162.42
118-2026-304617-4011101000,118-2026-304617,118,2026,304617,2026-06-25,20254009254,1874,4011101000,VERDE,7,40798.02,44360.21,7987.6,8408.0
118-2026-304621-4011101000,118-2026-304621,118,2026,304621,2026-06-25,20551933041,6658,4011101000,VERDE,4,31521.31,35194.13,10404.0,10699.4
118-2026-304989-4011101000,118-2026-304989,118,2026,304989,2026-06-25,20551933041,6658,4011101000,VERDE,6,63237.22,72785.78,20824.7,21374.18
118-2026-305214-4011101000,118-2026-305214,118,2026,305214,2026-06-25,20492565319,7026,4011101000,VERDE,7,44911.96,47853.63,11430.0,11430.0
118-2026-305628-4011101000,118-2026-305628,118,2026,305628,2026-06-25,20612066605,7657,4011101000,VERDE,67,200010.27,214615.27,72788.57,73156.7
118-2026-305909-4011101000,118-2026-305909,118,2026,305909,2026-06-26,20100012856,4303,4011101000,VERDE,13,25723.26,28225.11,7638.08,7650.0
118-2026-306040-4011101000,118-2026-306040,118,2026,306040,2026-06-26,20140441083,2585,4011101000,VERDE,66,157308.82,176701.09,66650.0,66650.0
118-2026-306044-4011101000,118-2026-306044,118,2026,306044,2026-06-26,20140441083,2585,4011101000,VERDE,77,138369.0,158121.59,65270.0,65270.0
118-2026-306074-4011101000,118-2026-306074,118,2026,306074,2026-06-26,20101130160,5910,4011101000,VERDE,25,38128.58,39396.21,3470.0,3470.0
118-2026-306670-4011101000,118-2026-306670,118,2026,306670,2026-06-26,20492565319,7396,4011101000,VERDE,21,46803.77,50253.83,10386.65,10700.0
118-2026-306724-4011101000,118-2026-306724,118,2026,306724,2026-06-26,20522199495,4867,4011101000,ROJO,6,40331.02,46794.63,54269.35,54950.0
118-2026-306806-4011101000,118-2026-306806,118,2026,306806,2026-06-26,20254009254,9457,4011101000,VERDE,20,60301.58,71186.9,20169.0,20169.0
118-2026-306875-4011101000,118-2026-306875,118,2026,306875,2026-06-26,20100084768,1225,4011101000,VERDE,24,99766.68,101746.04,22103.74,22103.74
118-2026-306992-4011101000,118-2026-306992,118,2026,306992,2026-06-26,20495764398,6757,4011101000,ROJO,20,30082.6,33833.84,11191.0,11710.0
118-2026-307482-4011101000,118-2026-307482,118,2026,307482,2026-06-26,20101130160,5910,4011101000,VERDE,1,29923.64,34673.64,12210.0,12210.0
118-2026-307581-4011101000,118-2026-307581,118,2026,307581,2026-06-26,20101130160,5910,4011101000,VERDE,39,43112.2,46562.2,8350.0,8350.0
118-2026-307650-4011101000,118-2026-307650,118,2026,307650,2026-06-26,20318171701,6496,4011101000,VERDE,45,139766.8,151517.52,54580.0,54580.0
118-2026-308313-4011101000,118-2026-308313,118,2026,308313,2026-06-27,20318171701,8359,4011101000,VERDE,3,35274.24,38093.28,10550.0,10550.0
118-2026-308784-4011101000,118-2026-308784,118,2026,308784,2026-06-27,20318171701,6496,4011101000,VERDE,17,106550.41,115259.5,23720.0,23720.0
118-2026-309142-4011101000,118-2026-309142,118,2026,309142,2026-06-28,20551933041,6658,4011101000,VERDE,4,32209.7,36942.84,10578.0,11092.07
118-2026-309557-4011101000,118-2026-309557,118,2026,309557,2026-06-30,20492565319,7026,4011101000,VERDE,4,34276.4,37911.53,17280.0,17280.0
118-2026-310427-4011101000,118-2026-310427,118,2026,310427,2026-06-30,20101130160,5910,4011101000,VERDE,23,43315.93,44449.92,4040.0,4040.0
118-2026-311078-4011101000,118-2026-311078,118,2026,311078,2026-06-30,20318171701,6437,4011101000,VERDE,13,49122.2,55149.76,21185.0,22300.0
118-2026-311234-4011101000,118-2026-311234,118,2026,311234,2026-06-30,20492565319,7396,4011101000,VERDE,18,23267.6,26786.22,9642.5,10220.0
118-2026-311235-4011101000,118-2026-311235,118,2026,311235,2026-06-30,20492565319,7396,4011101000,VERDE,14,43716.3,48538.89,11143.14,11540.0
118-2026-311244-4011101000,118-2026-311244,118,2026,311244,2026-06-30,20492565319,7396,4011101000,VERDE,13,32571.8,36103.63,14498.9,15100.0
118-2026-312461-4011101000,118-2026-312461,118,2026,312461,2026-07-01,20167930868,6892,4011101000,VERDE,16,211215.75,223473.89,56160.0,56160.0
118-2026-313371-4011101000,118-2026-313371,118,2026,313371,2026-07-01,20318171701,6437,4011101000,VERDE,22,93155.48,102310.61,45720.0,45720.0
118-2026-313651-4011101000,118-2026-313651,118,2026,313651,2026-07-01,20381499627,4920,4011101000,VERDE,14,68804.69,70272.84,11480.0,11480.0
118-2026-313967-4011101000,118-2026-313967,118,2026,313967,2026-07-01,20603590687,3237,4011101000,VERDE,29,25134.02,28121.03,11000.0,11000.0
118-2026-314296-4011101000,118-2026-314296,118,2026,314296,2026-07-01,20100012856,4303,4011101000,VERDE,37,101006.93,104470.03,23720.0,23720.0
118-2026-314312-4011101000,118-2026-314312,118,2026,314312,2026-07-02,20100012856,4303,4011101000,VERDE,21,74463.39,77528.34,16801.38,16801.38
118-2026-314345-4011101000,118-2026-314345,118,2026,314345,2026-07-02,20318171701,8359,4011101000,VERDE,44,93680.85,97583.37,18190.78,18190.78
118-2026-314528-4011101000,118-2026-314528,118,2026,314528,2026-07-02,20318171701,6496,4011101000,VERDE,21,135839.5,148193.56,56673.0,56673.0
118-2026-314833-4011101000,118-2026-314833,118,2026,314833,2026-07-02,20318171701,8359,4011101000,VERDE,20,118167.4,128631.68,44310.0,44310.0
118-2026-315370-4011101000,118-2026-315370,118,2026,315370,2026-07-02,20318171701,6437,4011101000,VERDE,23,143717.4,156075.4,60677.0,60677.0
118-2026-315418-4011101000,118-2026-315418,118,2026,315418,2026-07-02,20574716200,1676,4011101000,VERDE,18,33021.74,36551.66,15039.0,15060.0
118-2026-315537-4011101000,118-2026-315537,118,2026,315537,2026-07-02,20318171701,6437,4011101000,VERDE,45,91999.01,101153.56,38342.0,40360.0
118-2026-316581-4011101000,118-2026-316581,118,2026,316581,2026-07-02,20492565319,7026,4011101000,VERDE,18,23241.22,25809.91,10210.0,10210.0
118-2026-318937-4011101000,118-2026-318937,118,2026,318937,2026-07-03,20297970489,3307,4011101000,VERDE,16,38034.11,42423.29,12290.0,12290.0
118-2026-319001-4011101000,118-2026-319001,118,2026,319001,2026-07-03,20492565319,7026,4011101000,VERDE,14,32635.26,36267.93,10880.0,10880.0
118-2026-319834-4011101000,118-2026-319834,118,2026,319834,2026-07-03,20492565319,7026,4011101000,VERDE,34,91680.53,99182.37,21090.0,21090.0
118-2026-319908-4011101000,118-2026-319908,118,2026,319908,2026-07-03,20517547434,4867,4011101000,NARANJA,66,101645.51,114303.59,42620.0,42620.0
118-2026-320752-4011101000,118-2026-320752,118,2026,320752,2026-07-04,20522199495,9330,4011101000,ROJO,9,152271.47,179211.67,216613.05,223140.0
118-2026-320843-4011101000,118-2026-320843,118,2026,320843,2026-07-04,20318171701,8359,4011101000,VERDE,19,54472.09,57932.95,11850.0,11850.0
118-2026-320880-4011101000,118-2026-320880,118,2026,320880,2026-07-04,20318171701,8359,4011101000,VERDE,22,45731.1,47714.95,9260.0,9260.0
118-2026-320916-4011101000,118-2026-320916,118,2026,320916,2026-07-04,20318171701,8359,4011101000,VERDE,7,36560.0,39424.7,9200.0,9200.0
118-2026-321586-4011101000,118-2026-321586,118,2026,321586,2026-07-06,20140441083,2585,4011101000,ROJO,92,142158.2,170330.29,67360.0,67360.0
118-2026-321789-4011101000,118-2026-321789,118,2026,321789,2026-07-06,20101130160,5910,4011101000,VERDE,23,73235.97,74912.32,9910.0,9910.0
118-2026-321859-4011101000,118-2026-321859,118,2026,321859,2026-07-06,20603230052,9637,4011101000,VERDE,31,65191.71,67490.93,9756.5,10270.0
118-2026-322031-4011101000,118-2026-322031,118,2026,322031,2026-07-06,20318171701,8359,4011101000,VERDE,14,35117.2,37981.18,8650.0,8650.0
118-2026-322336-4011101000,118-2026-322336,118,2026,322336,2026-07-06,20101130160,5910,4011101000,VERDE,38,30743.72,33593.72,10780.0,10780.0
118-2026-323335-4011101000,118-2026-323335,118,2026,323335,2026-07-07,20140441083,2585,4011101000,VERDE,46,57537.48,65011.33,21860.0,21860.0
118-2026-323353-4011101000,118-2026-323353,118,2026,323353,2026-07-07,20381499627,4920,4011101000,VERDE,13,63062.28,63706.4,9990.0,9990.0
118-2026-323435-4011101000,118-2026-323435,118,2026,323435,2026-07-07,20101130160,5910,4011101000,VERDE,32,30857.69,33707.69,10970.0,10970.0
118-2026-323481-4011101000,118-2026-323481,118,2026,323481,2026-07-07,20297970489,3307,4011101000,VERDE,47,71802.13,82333.55,33360.0,33360.0
118-2026-323632-4011101000,118-2026-323632,118,2026,323632,2026-07-07,20101130160,5910,4011101000,VERDE,16,68824.88,70499.59,10050.0,10050.0
118-2026-323669-4011101000,118-2026-323669,118,2026,323669,2026-07-07,20140441083,6171,4011101000,VERDE,22,61298.11,64009.47,11542.5,12150.0
118-2026-323823-4011101000,118-2026-323823,118,2026,323823,2026-07-07,20486766183,7661,4011101000,VERDE,34,26872.42,32485.72,10790.0,10790.0
118-2026-324273-4011101000,118-2026-324273,118,2026,324273,2026-07-07,20607040941,7396,4011101000,ROJO,3,26293.6,31009.33,10583.0,11090.0
118-2026-324591-4011101000,118-2026-324591,118,2026,324591,2026-07-07,20492565319,7026,4011101000,VERDE,38,26320.92,30646.52,10500.0,10500.0
118-2026-324902-4011101000,118-2026-324902,118,2026,324902,2026-07-07,20101130160,5910,4011101000,VERDE,10,33886.4,40116.4,14500.0,14500.0
118-2026-325001-4011101000,118-2026-325001,118,2026,325001,2026-07-07,20101130160,5910,4011101000,VERDE,9,36763.93,42993.93,15170.0,15170.0
118-2026-325754-4011101000,118-2026-325754,118,2026,325754,2026-07-08,20297970489,5866,4011101000,VERDE,33,22169.12,25771.29,8910.0,8910.0
118-2026-325937-4011101000,118-2026-325937,118,2026,325937,2026-07-08,20318171701,6437,4011101000,VERDE,27,137802.7,154219.77,57250.0,57250.0
118-2026-325949-4011101000,118-2026-325949,118,2026,325949,2026-07-08,20502911385,0177,4011101000,VERDE,10,25143.0,28623.0,11680.0,11680.0
118-2026-325990-4011101000,118-2026-325990,118,2026,325990,2026-07-08,20522199495,9330,4011101000,VERDE,23,203593.64,238001.63,271389.15,276830.0
118-2026-326148-4011101000,118-2026-326148,118,2026,326148,2026-07-08,20318171701,6437,4011101000,VERDE,19,132931.6,149346.24,61149.0,61149.0
118-2026-326442-4011101000,118-2026-326442,118,2026,326442,2026-07-08,20549272585,5794,4011101000,VERDE,43,27462.4,32160.54,11810.0,11810.0
118-2026-326492-4011101000,118-2026-326492,118,2026,326492,2026-07-08,20101130160,5910,4011101000,VERDE,41,32032.69,35190.69,11730.0,11730.0
118-2026-326558-4011101000,118-2026-326558,118,2026,326558,2026-07-08,20612066605,7657,4011101000,VERDE,87,135909.5,150804.5,46167.63,46800.41
118-2026-326741-4011101000,118-2026-326741,118,2026,326741,2026-07-08,20318171701,6496,4011101000,VERDE,33,178099.4,201075.89,80240.0,80240.0
118-2026-326939-4011101000,118-2026-326939,118,2026,326939,2026-07-08,20517547434,4867,4011101000,VERDE,34,53049.24,63844.98,22180.0,22180.0
118-2026-329632-4011101000,118-2026-329632,118,2026,329632,2026-07-08,20574716200,1676,4011101000,VERDE,26,26755.08,31005.08,9970.0,9970.0
118-2026-329903-4011101000,118-2026-329903,118,2026,329903,2026-07-08,20100012856,4303,4011101000,VERDE,11,90869.48,94180.52,22555.89,22558.0
118-2026-330048-4011101000,118-2026-330048,118,2026,330048,2026-07-09,20101130160,5910,4011101000,VERDE,30,33227.45,36385.45,12410.0,12410.0
118-2026-330833-4011101000,118-2026-330833,118,2026,330833,2026-07-09,20167930868,6892,4011101000,VERDE,13,114680.44,116991.21,20871.16,21090.0
118-2026-332895-4011101000,118-2026-332895,118,2026,332895,2026-07-10,20551933041,6658,4011101000,VERDE,3,29679.11,33624.3,10285.0,10579.8
118-2026-332907-4011101000,118-2026-332907,118,2026,332907,2026-07-10,20551933041,6658,4011101000,VERDE,3,31671.31,35346.38,9860.0,10406.8
118-2026-333172-4011101000,118-2026-333172,118,2026,333172,2026-07-10,20602751326,3967,4011101000,ROJO,2,32076.0,37190.72,10700.0,10730.0
118-2026-333226-4011101000,118-2026-333226,118,2026,333226,2026-07-10,20297970489,3307,4011101000,VERDE,24,23818.18,28242.5,10840.0,10840.0
118-2026-333260-4011101000,118-2026-333260,118,2026,333260,2026-07-10,20318171701,8359,4011101000,VERDE,17,33291.84,36109.89,12150.0,12150.0
118-2026-333291-4011101000,118-2026-333291,118,2026,333291,2026-07-10,20318171701,6496,4011101000,VERDE,7,123545.3,142146.34,55194.0,55194.0
118-2026-333627-4011101000,118-2026-333627,118,2026,333627,2026-07-10,20297970489,3307,4011101000,VERDE,29,88237.4,103073.28,48930.0,48930.0
118-2026-334351-4011101000,118-2026-334351,118,2026,334351,2026-07-10,20318171701,8359,4011101000,VERDE,21,41538.0,44029.0,10110.0,10110.0
118-2026-334704-4011101000,118-2026-334704,118,2026,334704,2026-07-10,20318171701,8359,4011101000,VERDE,16,42885.0,45017.5,10251.77,10251.77
118-2026-334874-4011101000,118-2026-334874,118,2026,334874,2026-07-10,20380130336,6437,4011101000,VERDE,198,51747.9,53320.57,1247.67,1770.0
118-2026-334981-4011101000,118-2026-334981,118,2026,334981,2026-07-10,20517547434,4867,4011101000,VERDE,40,50725.64,61004.52,21480.0,21480.0
118-2026-335068-4011101000,118-2026-335068,118,2026,335068,2026-07-10,20492565319,7396,4011101000,VERDE,24,37791.42,41583.42,9785.0,10300.0
118-2026-335377-4011101000,118-2026-335377,118,2026,335377,2026-07-10,20492565319,7396,4011101000,VERDE,39,141860.94,151237.45,33651.38,35480.0
118-2026-335721-4011101000,118-2026-335721,118,2026,335721,2026-07-10,20318171701,6437,4011101000,VERDE,27,72149.3,81994.28,31255.0,32350.0
118-2026-336743-4011101000,118-2026-336743,118,2026,336743,2026-07-11,20100012856,4303,4011101000,VERDE,6,38531.74,41225.71,12080.0,12080.0
118-2026-336842-4011101000,118-2026-336842,118,2026,336842,2026-07-11,20167930868,6892,4011101000,VERDE,6,101557.14,103788.31,20568.32,20820.0
118-2026-337858-4011101000,118-2026-337858,118,2026,337858,2026-07-13,20140441083,2585,4011101000,VERDE,10,24359.6,28774.99,11440.0,11440.0
118-2026-338006-4011101000,118-2026-338006,118,2026,338006,2026-07-13,20112273922,3728,4011101000,VERDE,23,85329.73,90206.1,30233.0,30330.0
118-2026-338012-4011101000,118-2026-338012,118,2026,338012,2026-07-13,20140441083,2585,4011101000,VERDE,2,25782.0,30218.73,12350.0,12350.0
118-2026-338130-4011101000,118-2026-338130,118,2026,338130,2026-07-13,20140441083,6171,4011101000,VERDE,3,24709.0,28809.44,10782.5,11350.0
118-2026-338152-4011101000,118-2026-338152,118,2026,338152,2026-07-13,20254009254,1874,4011101000,VERDE,15,60112.71,74401.85,19964.25,20730.0
118-2026-338352-4011101000,118-2026-338352,118,2026,338352,2026-07-13,20318171701,8359,4011101000,VERDE,9,67012.04,73148.6,24860.0,24860.0
118-2026-340612-4011101000,118-2026-340612,118,2026,340612,2026-07-13,20100025915,7332,4011101000,VERDE,8,31998.0,36727.97,11290.0,11290.0
118-2026-340728-4011101000,118-2026-340728,118,2026,340728,2026-07-13,20100084768,1225,4011101000,VERDE,47,161226.32,164506.97,33973.42,34320.0
118-2026-340947-4011101000,118-2026-340947,118,2026,340947,2026-07-13,20506634858,6496,4011101000,VERDE,27,94488.4,104740.74,44630.0,44630.0
118-2026-341175-4011101000,118-2026-341175,118,2026,341175,2026-07-14,20297970489,3307,4011101000,VERDE,22,164791.6,179061.34,96120.0,96120.0
118-2026-341645-4011101000,118-2026-341645,118,2026,341645,2026-07-14,20140441083,6171,4011101000,VERDE,23,73575.5,88629.13,30457.0,32060.0
118-2026-342109-4011101000,118-2026-342109,118,2026,342109,2026-07-14,20381499627,4920,4011101000,VERDE,8,31447.7,35887.91,12720.0,12720.0
118-2026-342989-4011101000,118-2026-342989,118,2026,342989,2026-07-14,20100012856,4303,4011101000,VERDE,7,33592.36,36485.24,10520.0,10520.0
118-2026-344251-4011101000,118-2026-344251,118,2026,344251,2026-07-15,20492565319,7396,4011101000,VERDE,17,38455.9,43541.01,10321.19,10650.0
118-2026-346331-4011101000,118-2026-346331,118,2026,346331,2026-07-15,20492565319,7026,4011101000,VERDE,31,25153.84,29477.69,10050.0,10050.0
118-2026-346636-4011101000,118-2026-346636,118,2026,346636,2026-07-15,20167930868,6892,4011101000,VERDE,12,103772.77,106008.09,20220.0,20220.0
118-2026-346644-4011101000,118-2026-346644,118,2026,346644,2026-07-15,20318171701,6496,4011101000,VERDE,17,144202.2,165624.97,67650.0,67650.0
118-2026-346675-4011101000,118-2026-346675,118,2026,346675,2026-07-15,20502911385,0177,4011101000,VERDE,11,26228.0,29508.0,11660.0,11660.0
118-2026-347725-4011101000,118-2026-347725,118,2026,347725,2026-07-16,20603230052,9637,4011101000,VERDE,17,30546.53,31904.06,3686.0,3880.0
118-2026-347829-4011101000,118-2026-347829,118,2026,347829,2026-07-16,20464428730,7530,4011101000,VERDE,18,66609.64,67192.2,10570.0,10570.0
118-2026-347886-4011101000,118-2026-347886,118,2026,347886,2026-07-16,20464428730,7530,4011101000,VERDE,27,58572.95,65538.95,21232.5,22350.0
118-2026-347936-4011101000,118-2026-347936,118,2026,347936,2026-07-16,20100012856,4303,4011101000,VERDE,13,90786.76,94096.56,21660.0,21660.0
118-2026-348140-4011101000,118-2026-348140,118,2026,348140,2026-07-16,20140441083,6171,4011101000,VERDE,10,26709.98,32595.63,10877.5,11450.0
118-2026-348189-4011101000,118-2026-348189,118,2026,348189,2026-07-16,20606219165,8340,4011101000,VERDE,16,24612.55,31336.38,11275.88,11275.88
118-2026-349430-4011101000,118-2026-349430,118,2026,349430,2026-07-16,20167930868,6892,4011101000,VERDE,39,113825.88,119948.14,14260.0,14260.0
118-2026-351984-4011101000,118-2026-351984,118,2026,351984,2026-07-17,20537874105,6815,4011101000,VERDE,12,41514.5,46187.21,17900.0,17900.0
118-2026-352201-4011101000,118-2026-352201,118,2026,352201,2026-07-17,20610452559,7026,4011101000,VERDE,19,60814.34,70749.34,27680.0,27680.0
118-2026-352753-4011101000,118-2026-352753,118,2026,352753,2026-07-17,20492565319,7396,4011101000,VERDE,15,32629.44,37685.88,9965.5,10490.0
118-2026-353735-4011101000,118-2026-353735,118,2026,353735,2026-07-17,20318171701,6437,4011101000,VERDE,20,83165.0,91220.59,37100.0,37100.0
118-2026-353918-4011101000,118-2026-353918,118,2026,353918,2026-07-17,20380130336,6437,4011101000,VERDE,560,211695.16,213651.82,2378.25,3930.0
118-2026-354716-4011101000,118-2026-354716,118,2026,354716,2026-07-18,20318171701,6496,4011101000,VERDE,22,118650.67,147524.99,50230.0,50230.0
118-2026-355458-4011101000,118-2026-355458,118,2026,355458,2026-07-20,20464428730,7530,4011101000,VERDE,22,73305.6,80126.18,21976.98,22160.0
118-2026-355482-4011101000,118-2026-355482,118,2026,355482,2026-07-20,20140441083,6171,4011101000,VERDE,9,29177.96,35485.63,11381.0,11980.0
118-2026-355502-4011101000,118-2026-355502,118,2026,355502,2026-07-20,20140441083,6171,4011101000,VERDE,8,32471.61,35429.26,11362.0,11960.0
118-2026-355590-4011101000,118-2026-355590,118,2026,355590,2026-07-20,20140441083,2585,4011101000,VERDE,34,78781.8,95389.18,32600.0,32600.0
118-2026-355632-4011101000,118-2026-355632,118,2026,355632,2026-07-20,20140441083,2585,4011101000,VERDE,29,52732.64,63804.56,21400.0,21400.0
118-2026-355778-4011101000,118-2026-355778,118,2026,355778,2026-07-20,20140441083,2585,4011101000,VERDE,20,52395.5,63081.43,24020.0,24020.0
118-2026-355855-4011101000,118-2026-355855,118,2026,355855,2026-07-20,20140441083,6171,4011101000,VERDE,32,38140.08,43578.1,9452.5,9950.0
118-2026-356686-4011101000,118-2026-356686,118,2026,356686,2026-07-20,20167930868,6892,4011101000,VERDE,9,55883.53,56619.47,8980.0,8980.0
118-2026-356723-4011101000,118-2026-356723,118,2026,356723,2026-07-20,20100084768,1225,4011101000,VERDE,52,215034.6,219428.88,42909.48,45060.0
118-2026-357041-4011101000,118-2026-357041,118,2026,357041,2026-07-21,20140441083,2585,4011101000,VERDE,11,53944.84,65018.7,22200.0,22200.0
118-2026-357211-4011101000,118-2026-357211,118,2026,357211,2026-07-21,20140441083,2585,4011101000,VERDE,20,52477.1,63164.25,22490.0,22490.0
118-2026-357303-4011101000,118-2026-357303,118,2026,357303,2026-07-21,20446389328,1874,4011101000,VERDE,36,97070.0,112147.0,46500.0,46860.0
118-2026-357469-4011101000,118-2026-357469,118,2026,357469,2026-07-21,20140441083,6171,4011101000,VERDE,25,27442.81,32781.76,10212.0,10750.0
118-2026-357855-4011101000,118-2026-357855,118,2026,357855,2026-07-21,20167930868,6892,4011101000,VERDE,25,431550.56,460311.85,108060.0,108060.0
118-2026-358154-4011101000,118-2026-358154,118,2026,358154,2026-07-21,20505592035,5901,4011101000,VERDE,7,32293.64,38363.04,12100.0,12100.0
118-2026-358322-4011101000,118-2026-358322,118,2026,358322,2026-07-21,20106472310,7530,4011101000,VERDE,38,143695.03,166480.03,65374.86,65480.0
118-2026-358333-4011101000,118-2026-358333,118,2026,358333,2026-07-21,20603230052,9637,4011101000,VERDE,3,66705.1,68547.96,10411.94,10450.0
118-2026-358723-4011101000,118-2026-358723,118,2026,358723,2026-07-21,20506634858,9448,4011101000,VERDE,17,61974.38,68348.54,23721.5,24970.0
118-2026-358747-4011101000,118-2026-358747,118,2026,358747,2026-07-21,20506634858,9448,4011101000,VERDE,20,90133.28,99693.1,34285.5,36090.0
118-2026-359169-4011101000,118-2026-359169,118,2026,359169,2026-07-21,20100025915,7332,4011101000,VERDE,13,27646.26,32760.95,10100.0,10100.0
118-2026-359223-4011101000,118-2026-359223,118,2026,359223,2026-07-21,20603590687,3237,4011101000,VERDE,20,26324.54,30508.4,10390.0,10390.0
118-2026-359833-4011101000,118-2026-359833,118,2026,359833,2026-07-22,20140441083,6171,4011101000,VERDE,31,44603.34,50282.8,8787.5,9250.0
118-2026-359939-4011101000,118-2026-359939,118,2026,359939,2026-07-22,20140441083,6171,4011101000,VERDE,22,62760.92,74619.74,22961.5,24170.0
118-2026-360123-4011101000,118-2026-360123,118,2026,360123,2026-07-22,20140441083,6171,4011101000,VERDE,5,31455.8,37384.93,12293.0,12940.0
118-2026-360184-4011101000,118-2026-360184,118,2026,360184,2026-07-22,20492565319,7026,4011101000,VERDE,17,45797.82,49251.28,11890.0,11890.0
118-2026-360859-4011101000,118-2026-360859,118,2026,360859,2026-07-22,20549272585,5794,4011101000,VERDE,41,25233.8,31130.41,11290.0,11290.0
118-2026-361031-4011101000,118-2026-361031,118,2026,361031,2026-07-22,20297970489,3307,4011101000,VERDE,4,34212.62,39707.72,16020.0,16020.0
118-2026-361105-4011101000,118-2026-361105,118,2026,361105,2026-07-22,20297970489,3307,4011101000,VERDE,17,57340.44,68449.22,32600.0,32600.0
118-2026-361522-4011101000,118-2026-361522,118,2026,361522,2026-07-22,20318171701,8359,4011101000,VERDE,32,55880.11,59342.46,9750.0,9750.0
118-2026-361563-4011101000,118-2026-361563,118,2026,361563,2026-07-22,20464428730,7530,4011101000,VERDE,37,87182.43,88650.58,8500.0,8500.0
118-2026-361744-4011101000,118-2026-361744,118,2026,361744,2026-07-22,20297970489,3307,4011101000,VERDE,32,87685.86,106255.75,49760.0,49760.0
118-2026-361823-4011101000,118-2026-361823,118,2026,361823,2026-07-22,20297970489,5866,4011101000,VERDE,23,23285.22,28768.37,11030.0,11030.0
118-2026-362393-4011101000,118-2026-362393,118,2026,362393,2026-07-22,20549272585,5794,4011101000,VERDE,26,26979.4,33629.76,11970.0,11970.0
118-2026-362412-4011101000,118-2026-362412,118,2026,362412,2026-07-22,20297970489,3307,4011101000,VERDE,26,24674.72,30159.99,11580.0,11580.0
118-2026-362414-4011101000,118-2026-362414,118,2026,362414,2026-07-22,20100012856,4303,4011101000,VERDE,24,42048.85,43974.58,5440.0,5440.0
118-2026-362711-4011101000,118-2026-362711,118,2026,362711,2026-07-22,20606219165,8340,4011101000,VERDE,22,25952.38,31630.23,11042.0,11042.0
118-2026-362722-4011101000,118-2026-362722,118,2026,362722,2026-07-22,20606219165,8340,4011101000,VERDE,10,23445.94,30116.27,11680.0,11680.0
118-2026-363321-4011101000,118-2026-363321,118,2026,363321,2026-07-23,20606539909,6815,4011101000,VERDE,48,51844.42,64399.95,21680.0,21680.0
118-2026-366377-4011101000,118-2026-366377,118,2026,366377,2026-07-24,20610475524,7026,4011101000,VERDE,18,32530.11,39138.37,10590.0,10590.0
118-2026-366769-4011101000,118-2026-366769,118,2026,366769,2026-07-24,20318171701,8359,4011101000,VERDE,13,105383.92,124646.21,49883.93,49883.93
118-2026-366937-4011101000,118-2026-366937,118,2026,366937,2026-07-24,20140441083,6171,4011101000,VERDE,25,61501.54,73357.16,22961.5,24170.0
118-2026-366949-4011101000,118-2026-366949,118,2026,366949,2026-07-24,20318171701,6437,4011101000,VERDE,80,169351.91,182361.7,41292.0,41500.0
118-2026-367279-4011101000,118-2026-367279,118,2026,367279,2026-07-24,20603230052,9637,4011101000,VERDE,20,31119.85,31954.44,2422.5,2550.0
118-2026-367329-4011101000,118-2026-367329,118,2026,367329,2026-07-24,20318171701,8359,4011101000,VERDE,11,26413.63,30513.88,12320.0,12320.0
118-2026-367400-4011101000,118-2026-367400,118,2026,367400,2026-07-24,20318171701,8359,4011101000,VERDE,1,26113.5,30985.67,12100.0,12100.0
118-2026-367551-4011101000,118-2026-367551,118,2026,367551,2026-07-24,20167930868,6892,4011101000,VERDE,16,63649.11,66423.18,12710.0,12710.0
118-2026-367614-4011101000,118-2026-367614,118,2026,367614,2026-07-24,20492565319,7026,4011101000,VERDE,10,34360.0,40370.28,15420.0,15420.0
118-2026-367790-4011101000,118-2026-367790,118,2026,367790,2026-07-24,20604901465,7495,4011101000,VERDE,30,26922.15,31390.98,10320.0,10320.0
118-2026-368430-4011101000,118-2026-368430,118,2026,368430,2026-07-24,20522199495,4867,4011101000,VERDE,8,78604.41,96659.64,109476.0,111940.0
118-2026-368639-4011101000,118-2026-368639,118,2026,368639,2026-07-24,20506634858,9448,4011101000,VERDE,26,70717.5,85100.03,31036.5,32670.0
118-2026-369500-4011101000,118-2026-369500,118,2026,369500,2026-07-25,20318171701,8359,4011101000,VERDE,5,55863.83,65596.61,20744.0,20744.0
118-2026-369733-4011101000,118-2026-369733,118,2026,369733,2026-07-25,20380130336,6437,4011101000,VERDE,22,26220.67,29613.69,1522.92,1600.0
118-2026-370996-4011101000,118-2026-370996,118,2026,370996,2026-07-27,20140441083,2585,4011101000,VERDE,22,89163.22,106944.06,37020.0,37020.0
118-2026-371000-4011101000,118-2026-371000,118,2026,371000,2026-07-27,20318171701,6437,4011101000,VERDE,9,24378.8,29993.82,10611.5,11170.0
118-2026-371040-4011101000,118-2026-371040,118,2026,371040,2026-07-27,20140441083,2585,4011101000,VERDE,70,81736.2,92453.89,21900.0,21900.0
118-2026-371118-4011101000,118-2026-371118,118,2026,371118,2026-07-27,20318171701,6437,4011101000,VERDE,44,112973.24,135380.9,42120.0,42120.0
118-2026-371206-4011101000,118-2026-371206,118,2026,371206,2026-07-27,20606219165,8340,4011101000,VERDE,6,32191.12,37808.86,13780.0,13780.0
118-2026-371449-4011101000,118-2026-371449,118,2026,371449,2026-07-27,20297970489,3307,4011101000,VERDE,3,31704.0,37601.66,15370.0,15370.0
118-2026-372011-4011101000,118-2026-372011,118,2026,372011,2026-07-27,20100025915,7332,4011101000,VERDE,7,32045.2,38425.87,11770.0,11770.0
118-2026-373133-4011101000,118-2026-373133,118,2026,373133,2026-07-27,20318171701,8359,4011101000,VERDE,9,28069.08,33685.91,11640.0,11730.0
118-2026-373150-4011101000,118-2026-373150,118,2026,373150,2026-07-27,20318171701,8359,4011101000,VERDE,1,24268.4,29139.6,12790.0,12790.0
118-2026-373487-4011101000,118-2026-373487,118,2026,373487,2026-07-28,20506634858,6496,4011101000,VERDE,16,48761.6,57790.48,23370.0,23370.0
118-2026-374316-4011101000,118-2026-374316,118,2026,374316,2026-07-30,20140441083,2585,4011101000,VERDE,21,97906.14,105975.95,17700.0,17700.0
118-2026-374317-4011101000,118-2026-374317,118,2026,374317,2026-07-30,20140441083,2585,4011101000,VERDE,43,40940.98,46840.09,10850.0,10850.0
118-2026-374329-4011101000,118-2026-374329,118,2026,374329,2026-07-30,20318171701,6437,4011101000,VERDE,42,156535.49,190410.65,68330.12,70960.0
118-2026-374428-4011101000,118-2026-374428,118,2026,374428,2026-07-30,20318171701,6437,4011101000,VERDE,3,29779.0,34074.02,12255.0,12750.0
118-2026-374550-4011101000,118-2026-374550,118,2026,374550,2026-07-30,20318171701,8359,4011101000,VERDE,16,39049.8,41656.62,9420.0,9420.0
118-2026-375047-4011101000,118-2026-375047,118,2026,375047,2026-07-30,20492565319,7396,4011101000,VERDE,19,37448.56,44264.71,10356.25,10850.0
118-2026-375143-4011101000,118-2026-375143,118,2026,375143,2026-07-30,20381499627,4920,4011101000,VERDE,9,28906.5,34954.09,9480.0,9480.0
118-2026-375266-4011101000,118-2026-375266,118,2026,375266,2026-07-30,20318171701,8359,4011101000,VERDE,11,36075.4,38539.66,8750.0,8750.0
118-2026-375317-4011101000,118-2026-375317,118,2026,375317,2026-07-30,20318171701,6437,4011101000,VERDE,22,125850.06,153851.95,54577.5,57450.0
118-2026-375789-4011101000,118-2026-375789,118,2026,375789,2026-07-30,20100025915,7332,4011101000,VERDE,11,29393.2,35734.09,10680.0,10680.0
118-2026-376335-4011101000,118-2026-376335,118,2026,376335,2026-07-31,20101130160,5910,4011101000,VERDE,37,68657.0,70957.15,9790.0,9790.0
118-2026-376476-4011101000,118-2026-376476,118,2026,376476,2026-07-31,20318171701,8359,4011101000,VERDE,16,36313.4,38777.78,9326.06,9370.0
118-2026-376601-4011101000,118-2026-376601,118,2026,376601,2026-07-31,20140441083,2585,4011101000,VERDE,17,49530.2,60973.15,22700.0,22700.0
118-2026-376905-4011101000,118-2026-376905,118,2026,376905,2026-07-31,20612066605,7657,4011101000,VERDE,35,113708.95,132843.95,37613.21,37869.14
118-2026-376968-4011101000,118-2026-376968,118,2026,376968,2026-07-31,20608969323,7661,4011101000,NARANJA,5,49772.2,56018.78,17000.0,17180.0
118-2026-377071-4011101000,118-2026-377071,118,2026,377071,2026-07-31,20167930868,6892,4011101000,VERDE,27,27409.47,33171.44,10370.0,10370.0
118-2026-377672-4011101000,118-2026-377672,118,2026,377672,2026-07-31,20318171701,8359,4011101000,VERDE,23,123358.21,142629.49,50350.0,50350.0
118-2026-378373-4011101000,118-2026-378373,118,2026,378373,2026-07-31,20606219165,8340,4011101000,VERDE,23,30621.64,36233.5,11957.12,11957.12
118-2026-378997-4011101000,118-2026-378997,118,2026,378997,2026-08-01,20505592035,5901,4011101000,VERDE,5,31280.6,38039.8,11550.0,11550.0
118-2026-379157-4011101000,118-2026-379157,118,2026,379157,2026-08-01,20506634858,9448,4011101000,VERDE,14,92994.92,107253.51,34960.0,36800.0
118-2026-379179-4011101000,118-2026-379179,118,2026,379179,2026-08-01,20506634858,9448,4011101000,VERDE,19,59378.08,69072.6,23313.0,24540.0
118-2026-379488-4011101000,118-2026-379488,118,2026,379488,2026-08-01,20603590687,3237,4011101000,VERDE,32,25048.28,30839.0,10200.0,10200.0
118-2026-379599-4011101000,118-2026-379599,118,2026,379599,2026-08-02,20565482387,7639,4011101000,VERDE,20,10084.55,12061.01,1400.0,1468.0
118-2026-379770-4011101000,118-2026-379770,118,2026,379770,2026-08-03,20318171701,8359,4011101000,VERDE,19,68037.7,68646.01,10500.0,10500.0
118-2026-379921-4011101000,118-2026-379921,118,2026,379921,2026-08-03,20140441083,6171,4011101000,VERDE,21,57149.34,70396.58,22486.5,23670.0
118-2026-380162-4011101000,118-2026-380162,118,2026,380162,2026-08-03,20101130160,5910,4011101000,VERDE,38,44664.3,48114.3,8950.0,8950.0
118-2026-381029-4011101000,118-2026-381029,118,2026,381029,2026-08-03,20100025915,7332,4011101000,VERDE,7,27671.81,34836.88,11940.0,11940.0
118-2026-381157-4011101000,118-2026-381157,118,2026,381157,2026-08-03,20549272585,5794,4011101000,VERDE,24,26589.6,33339.52,12260.0,12260.0
118-2026-381628-4011101000,118-2026-381628,118,2026,381628,2026-08-03,20318171701,6437,4011101000,VERDE,32,95521.1,120581.36,43842.5,46150.0
118-2026-381637-4011101000,118-2026-381637,118,2026,381637,2026-08-03,20318171701,6437,4011101000,VERDE,43,118076.03,140626.31,56164.0,59120.0
118-2026-381919-4011101000,118-2026-381919,118,2026,381919,2026-08-04,20140441083,2585,4011101000,VERDE,7,31864.0,38195.01,12290.0,12290.0
118-2026-383054-4011101000,118-2026-383054,118,2026,383054,2026-08-04,20318171701,8359,4011101000,VERDE,7,30482.1,35309.75,11890.0,11890.0
118-2026-383498-4011101000,118-2026-383498,118,2026,383498,2026-08-04,20522199495,4867,4011101000,VERDE,2,21772.8,26029.51,27346.68,27910.0
118-2026-383591-4011101000,118-2026-383591,118,2026,383591,2026-08-04,20318171701,6437,4011101000,VERDE,43,154823.22,188697.52,67980.0,67980.0
118-2026-383745-4011101000,118-2026-383745,118,2026,383745,2026-08-04,20381499627,4920,4011101000,VERDE,23,67115.55,69366.7,10090.0,10090.0
118-2026-383751-4011101000,118-2026-383751,118,2026,383751,2026-08-04,20318171701,6496,4011101000,VERDE,43,100512.04,120012.02,39850.0,39850.0
118-2026-383760-4011101000,118-2026-383760,118,2026,383760,2026-08-04,20318171701,6496,4011101000,VERDE,44,162976.33,193072.82,64350.0,64350.0
118-2026-384137-4011101000,118-2026-384137,118,2026,384137,2026-08-05,20140441083,2585,4011101000,VERDE,6,27078.66,31113.36,11350.0,11350.0
118-2026-384208-4011101000,118-2026-384208,118,2026,384208,2026-08-05,20537874105,6815,4011101000,VERDE,14,41177.5,47559.16,18060.0,18060.0
118-2026-384552-4011101000,118-2026-384552,118,2026,384552,2026-08-05,20140441083,6171,4011101000,VERDE,40,48795.3,55094.91,18515.5,19490.0
118-2026-384763-4011101000,118-2026-384763,118,2026,384763,2026-08-05,20101130160,5910,4011101000,VERDE,33,32336.49,38286.49,12930.0,12930.0
118-2026-384768-4011101000,118-2026-384768,118,2026,384768,2026-08-05,20100025915,7332,4011101000,VERDE,3,25414.42,32545.63,10160.0,10160.0
118-2026-384787-4011101000,118-2026-384787,118,2026,384787,2026-08-05,20380130336,6437,4011101000,VERDE,35,11731.79,15483.22,879.95,880.0
118-2026-384924-4011101000,118-2026-384924,118,2026,384924,2026-08-05,20318171701,8359,4011101000,VERDE,6,179196.6,203298.2,85200.0,85200.0
118-2026-384932-4011101000,118-2026-384932,118,2026,384932,2026-08-05,20492565319,7026,4011101000,VERDE,53,236341.06,251718.07,58390.0,58390.0
118-2026-384969-4011101000,118-2026-384969,118,2026,384969,2026-08-05,20100025915,7332,4011101000,VERDE,14,28635.24,35814.76,11670.0,11670.0
118-2026-385329-4011101000,118-2026-385329,118,2026,385329,2026-08-05,20296136728,4920,4011101000,VERDE,2,106.98,124.98,3.97,7.77
118-2026-385411-4011101000,118-2026-385411,118,2026,385411,2026-08-05,20318171701,6437,4011101000,VERDE,21,158970.59,192846.97,70062.5,73750.0
118-2026-385745-4011101000,118-2026-385745,118,2026,385745,2026-08-05,20318171701,6437,4011101000,VERDE,30,155920.9,189795.75,70470.0,70470.0
118-2026-385901-4011101000,118-2026-385901,118,2026,385901,2026-08-05,20318171701,6437,4011101000,VERDE,25,150749.6,169364.24,73550.0,73550.0
118-2026-386015-4011101000,118-2026-386015,118,2026,386015,2026-08-05,20100025915,7332,4011101000,VERDE,5,28448.2,34774.92,10350.0,10350.0
118-2026-386644-4011101000,118-2026-386644,118,2026,386644,2026-08-05,20550856337,4867,4011101000,VERDE,5,39228.5,45316.92,19467.4,20492.0
118-2026-387112-4011101000,118-2026-387112,118,2026,387112,2026-08-07,20140441083,2585,4011101000,VERDE,61,144779.4,182571.05,70540.0,70540.0
118-2026-387169-4011101000,118-2026-387169,118,2026,387169,2026-08-07,20381499627,4920,4011101000,VERDE,22,59723.3,72826.63,21950.0,21950.0
118-2026-387292-4011101000,118-2026-387292,118,2026,387292,2026-08-07,20140441083,2585,4011101000,VERDE,23,75323.8,95203.65,36360.0,36360.0
118-2026-387461-4011101000,118-2026-387461,118,2026,387461,2026-08-07,20318171701,8359,4011101000,VERDE,23,42155.7,44647.01,9120.0,9120.0
118-2026-387537-4011101000,118-2026-387537,118,2026,387537,2026-08-07,20522199495,3728,4011101000,VERDE,9,79000.24,93732.95,108706.3,112130.0
118-2026-387932-4011101000,118-2026-387932,118,2026,387932,2026-08-07,20502911385,0177,4011101000,VERDE,23,52885.4,63645.4,23570.0,23570.0
118-2026-387985-4011101000,118-2026-387985,118,2026,387985,2026-08-07,20297970489,3307,4011101000,VERDE,11,83223.0,98143.72,48620.0,48620.0
118-2026-388020-4011101000,118-2026-388020,118,2026,388020,2026-08-07,20297970489,3307,4011101000,VERDE,5,35710.0,40691.78,16520.0,16530.0
118-2026-388124-4011101000,118-2026-388124,118,2026,388124,2026-08-07,20297970489,3307,4011101000,VERDE,32,88918.3,103844.89,47540.0,47540.0
118-2026-388200-4011101000,118-2026-388200,118,2026,388200,2026-08-07,20318171701,6437,4011101000,VERDE,43,194961.07,238830.43,83524.66,87920.7
118-2026-388206-4011101000,118-2026-388206,118,2026,388206,2026-08-07,20318171701,8359,4011101000,VERDE,11,136864.8,160945.23,62300.0,62300.0
118-2026-388347-4011101000,118-2026-388347,118,2026,388347,2026-08-07,20297970489,3307,4011101000,VERDE,15,81044.7,95963.18,45920.0,45920.0
118-2026-388359-4011101000,118-2026-388359,118,2026,388359,2026-08-07,20606219165,8340,4011101000,VERDE,28,23942.71,30126.8,10716.97,10716.97
118-2026-388611-4011101000,118-2026-388611,118,2026,388611,2026-08-07,20559109101,7198,4011101000,VERDE,40,25747.84,32322.95,10013.0,10640.0
118-2026-388700-4011101000,118-2026-388700,118,2026,388700,2026-08-07,20297970489,3307,4011101000,VERDE,15,112423.9,132319.7,65010.0,65010.0
118-2026-388819-4011101000,118-2026-388819,118,2026,388819,2026-08-07,20492565319,7396,4011101000,VERDE,9,26273.85,32721.89,10516.5,10780.0
118-2026-388895-4011101000,118-2026-388895,118,2026,388895,2026-08-07,20318171701,6437,4011101000,VERDE,15,46251.2,57449.91,21232.5,22230.0
118-2026-389268-4011101000,118-2026-389268,118,2026,389268,2026-08-07,20381499627,4920,4011101000,VERDE,12,33048.88,39108.06,10860.0,10860.0
118-2026-389431-4011101000,118-2026-389431,118,2026,389431,2026-08-07,20318171701,6437,4011101000,VERDE,12,144704.1,171289.7,62590.0,62590.0
118-2026-389589-4011101000,118-2026-389589,118,2026,389589,2026-08-07,20318171701,6437,4011101000,VERDE,30,185661.23,225183.77,81120.5,85390.0
118-2026-390094-4011101000,118-2026-390094,118,2026,390094,2026-08-08,20297970489,3307,4011101000,VERDE,33,48416.2,58356.07,21970.0,21970.0
118-2026-390695-4011101000,118-2026-390695,118,2026,390695,2026-08-08,20318171701,6496,4011101000,VERDE,45,164487.67,194585.3,64235.0,64235.0
118-2026-391746-4011101000,118-2026-391746,118,2026,391746,2026-08-08,20318171701,8359,4011101000,VERDE,11,144930.2,169014.67,71800.0,71800.0
118-2026-391812-4011101000,118-2026-391812,118,2026,391812,2026-08-08,20318171701,6437,4011101000,VERDE,38,170613.3,189237.87,76094.05,80099.0
118-2026-392630-4011101000,118-2026-392630,118,2026,392630,2026-08-09,20100012856,4303,4011101000,VERDE,24,99628.21,109489.63,30942.73,30942.73
118-2026-392788-4011101000,118-2026-392788,118,2026,392788,2026-08-10,20100012856,4303,4011101000,VERDE,6,14634.5,16705.01,3852.4,4160.0
118-2026-393174-4011101000,118-2026-393174,118,2026,393174,2026-08-10,20100025915,7332,4011101000,VERDE,8,28772.26,35953.84,11730.0,11730.0
118-2026-394286-4011101000,118-2026-394286,118,2026,394286,2026-08-10,20318171701,8359,4011101000,VERDE,35,168309.39,206212.47,68100.0,68100.0
118-2026-396031-4011101000,118-2026-396031,118,2026,396031,2026-08-11,20318171701,8359,4011101000,VERDE,7,158836.0,182927.42,75800.0,75800.0
118-2026-396120-4011101000,118-2026-396120,118,2026,396120,2026-08-11,20318171701,8359,4011101000,VERDE,6,136531.6,160611.87,59500.0,59500.0
118-2026-396294-4011101000,118-2026-396294,118,2026,396294,2026-08-11,20318171701,6437,4011101000,VERDE,29,98377.9,123439.59,42759.5,45010.0
118-2026-396503-4011101000,118-2026-396503,118,2026,396503,2026-08-11,20254009254,9457,4011101000,VERDE,20,66071.17,79566.55,20800.0,20800.0
118-2026-396536-4011101000,118-2026-396536,118,2026,396536,2026-08-11,20297970489,3307,4011101000,VERDE,7,49454.0,59394.94,26870.0,26870.0
118-2026-396610-4011101000,118-2026-396610,118,2026,396610,2026-08-11,20464428730,7530,4011101000,VERDE,1,49980.0,53428.7,10080.0,10080.0
118-2026-396644-4011101000,118-2026-396644,118,2026,396644,2026-08-11,20318171701,8359,4011101000,VERDE,12,65512.0,68107.04,9400.0,9400.0
118-2026-397371-4011101000,118-2026-397371,118,2026,397371,2026-08-11,20318171701,6437,4011101000,VERDE,52,291470.89,348653.27,118315.14,124542.26
118-2026-397537-4011101000,118-2026-397537,118,2026,397537,2026-08-12,20318171701,6496,4011101000,VERDE,19,131060.7,155138.23,55200.0,55200.0
118-2026-397545-4011101000,118-2026-397545,118,2026,397545,2026-08-12,20140441083,2585,4011101000,VERDE,34,61089.85,64756.19,9750.0,9750.0
118-2026-398204-4011101000,118-2026-398204,118,2026,398204,2026-08-12,20492565319,7026,4011101000,VERDE,20,188545.48,210060.1,46520.0,46520.0
118-2026-398717-4011101000,118-2026-398717,118,2026,398717,2026-08-12,20297970489,3307,4011101000,VERDE,6,95550.0,110483.42,46310.0,46310.0
118-2026-399577-4011101000,118-2026-399577,118,2026,399577,2026-08-12,20318171701,6496,4011101000,VERDE,14,172799.3,196897.7,76100.0,76100.0
118-2026-400664-4011101000,118-2026-400664,118,2026,400664,2026-08-13,20254009254,1874,4011101000,VERDE,8,40893.12,43890.61,16606.95,17400.0
118-2026-400753-4011101000,118-2026-400753,118,2026,400753,2026-08-13,20318171701,6496,4011101000,VERDE,28,158869.5,185462.18,70800.0,70800.0
118-2026-400926-4011101000,118-2026-400926,118,2026,400926,2026-08-13,20381499627,4920,4011101000,VERDE,33,97256.0,109983.1,34780.0,34780.0
118-2026-401321-4011101000,118-2026-401321,118,2026,401321,2026-08-13,20381499627,4920,4011101000,VERDE,13,65492.57,66207.0,10200.0,10200.0
118-2026-402512-4011101000,118-2026-402512,118,2026,402512,2026-08-14,20318171701,8359,4011101000,VERDE,7,37911.0,40517.25,9290.0,9290.0
118-2026-402542-4011101000,118-2026-402542,118,2026,402542,2026-08-14,20318171701,6437,4011101000,VERDE,12,162936.0,187029.47,83870.0,83870.0
118-2026-402553-4011101000,118-2026-402553,118,2026,402553,2026-08-14,20318171701,6496,4011101000,VERDE,25,153259.2,171875.09,71488.0,71488.0
118-2026-402610-4011101000,118-2026-402610,118,2026,402610,2026-08-14,20297970489,5866,4011101000,VERDE,32,25041.54,30011.58,10000.0,10000.0
118-2026-402617-4011101000,118-2026-402617,118,2026,402617,2026-08-14,20297970489,5866,4011101000,VERDE,30,27058.78,32030.84,11320.0,11320.0
118-2026-402645-4011101000,118-2026-402645,118,2026,402645,2026-08-14,20297970489,5866,4011101000,VERDE,16,24359.7,29329.06,11240.0,11240.0
118-2026-402876-4011101000,118-2026-402876,118,2026,402876,2026-08-14,20297970489,5866,4011101000,VERDE,9,32026.0,37003.03,16390.0,16390.0
118-2026-403139-4011101000,118-2026-403139,118,2026,403139,2026-08-14,20492565319,7026,4011101000,VERDE,12,45330.51,50706.46,12760.0,12760.0
118-2026-403253-4011101000,118-2026-403253,118,2026,403253,2026-08-14,20297970489,3307,4011101000,VERDE,19,23717.3,28686.73,11060.0,11060.0
118-2026-403260-4011101000,118-2026-403260,118,2026,403260,2026-08-14,20318171701,8359,4011101000,VERDE,21,190981.4,215088.89,84750.0,84750.0
118-2026-403351-4011101000,118-2026-403351,118,2026,403351,2026-08-14,20492565319,7396,4011101000,VERDE,45,53255.98,66145.46,19541.5,20570.0
118-2026-403503-4011101000,118-2026-403503,118,2026,403503,2026-08-14,20318171701,6437,4011101000,VERDE,38,166768.5,193365.13,76330.0,76330.0
118-2026-403924-4011101000,118-2026-403924,118,2026,403924,2026-08-14,20318171701,6437,4011101000,VERDE,33,133434.3,162115.32,57815.31,60320.0
118-2026-404245-4011101000,118-2026-404245,118,2026,404245,2026-08-14,20318171701,6437,4011101000,VERDE,22,146631.2,173217.77,63180.0,63180.0
118-2026-405000-4011101000,118-2026-405000,118,2026,405000,2026-08-14,20611446307,7521,4011101000,VERDE,31,31155.72,37735.48,14514.2,14514.2
118-2026-405022-4011101000,118-2026-405022,118,2026,405022,2026-08-14,20318171701,6496,4011101000,VERDE,17,186126.3,212732.61,82600.0,82600.0
118-2026-406275-4011101000,118-2026-406275,118,2026,406275,2026-08-15,20297970489,3307,4011101000,ROJO,24,29608.84,34908.34,11070.0,11070.0
118-2026-406590-4011101000,118-2026-406590,118,2026,406590,2026-08-15,20492565319,7026,4011101000,VERDE,14,42090.0,49263.78,10850.0,10850.0
118-2026-406692-4011101000,118-2026-406692,118,2026,406692,2026-08-15,20318171701,6437,4011101000,VERDE,13,70267.56,88311.69,30920.0,30920.0
118-2026-407904-4011101000,118-2026-407904,118,2026,407904,2026-08-17,20318171701,8359,4011101000,VERDE,16,51116.33,54773.87,11468.0,11468.0
118-2026-407957-4011101000,118-2026-407957,118,2026,407957,2026-08-17,20318171701,6496,4011101000,VERDE,22,128336.4,154913.82,55438.0,55438.0
118-2026-408078-4011101000,118-2026-408078,118,2026,408078,2026-08-17,20318171701,6496,4011101000,VERDE,33,180778.5,207382.14,82508.0,82508.0
118-2026-408200-4011101000,118-2026-408200,118,2026,408200,2026-08-17,20318171701,6437,4011101000,VERDE,21,88376.53,106879.94,32690.0,32690.0
118-2026-408262-4011101000,118-2026-408262,118,2026,408262,2026-08-17,20167930868,6892,4011101000,VERDE,80,27593.58,32965.26,10534.92,10590.0
118-2026-408314-4011101000,118-2026-408314,118,2026,408314,2026-08-17,20492565319,7026,4011101000,VERDE,32,42319.5,49493.63,10860.0,10860.0
118-2026-408534-4011101000,118-2026-408534,118,2026,408534,2026-08-17,20167930868,6892,4011101000,VERDE,21,121671.08,123161.53,18270.0,18270.0
118-2026-408626-4011101000,118-2026-408626,118,2026,408626,2026-08-17,20318171701,6437,4011101000,VERDE,28,146176.8,172763.14,63710.0,63710.0
118-2026-408776-4011101000,118-2026-408776,118,2026,408776,2026-08-18,20100012856,4303,4011101000,VERDE,4,47575.64,52726.27,15395.03,15730.0
118-2026-408860-4011101000,118-2026-408860,118,2026,408860,2026-08-18,20140441083,2585,4011101000,VERDE,15,92375.26,113170.88,35600.0,35600.0
118-2026-408867-4011101000,118-2026-408867,118,2026,408867,2026-08-18,20140441083,2585,4011101000,VERDE,59,95513.6,122746.3,44800.0,44800.0
118-2026-409078-4011101000,118-2026-409078,118,2026,409078,2026-08-18,20140441083,6171,4011101000,VERDE,42,41368.8,47833.57,9690.0,10200.0
118-2026-409135-4011101000,118-2026-409135,118,2026,409135,2026-08-18,20167930868,6892,4011101000,VERDE,14,60197.21,63261.23,11110.0,11110.0
118-2026-409139-4011101000,118-2026-409139,118,2026,409139,2026-08-18,20140441083,6171,4011101000,VERDE,15,51231.0,64899.46,21375.0,22500.0
118-2026-409314-4011101000,118-2026-409314,118,2026,409314,2026-08-18,20140441083,6171,4011101000,VERDE,20,28675.4,35114.81,10165.0,10700.0
118-2026-409824-4011101000,118-2026-409824,118,2026,409824,2026-08-18,20606219165,8340,4011101000,VERDE,1,24354.0,29927.06,10800.0,10800.0
118-2026-410472-4011101000,118-2026-410472,118,2026,410472,2026-08-18,20100084768,1225,4011101000,VERDE,58,218757.88,222411.07,46719.78,47990.0
118-2026-410590-4011101000,118-2026-410590,118,2026,410590,2026-08-19,20318171701,6437,4011101000,VERDE,17,172646.7,196745.02,74330.0,74330.0
118-2026-410805-4011101000,118-2026-410805,118,2026,410805,2026-08-19,20140441083,2585,4011101000,VERDE,5,31002.44,38032.4,11800.0,11800.0
118-2026-410825-4011101000,118-2026-410825,118,2026,410825,2026-08-19,20140441083,2585,4011101000,VERDE,32,49933.7,63582.7,23200.0,23200.0
118-2026-410832-4011101000,118-2026-410832,118,2026,410832,2026-08-19,20140441083,6171,4011101000,VERDE,30,27495.66,33944.75,10260.0,10800.0
118-2026-411594-4011101000,118-2026-411594,118,2026,411594,2026-08-19,20606219165,8340,4011101000,VERDE,14,28629.43,34415.31,11025.49,11025.49
118-2026-411638-4011101000,118-2026-411638,118,2026,411638,2026-08-19,20254009254,1874,4011101000,VERDE,40,67383.07,77576.06,17755.5,18690.0
118-2026-411666-4011101000,118-2026-411666,118,2026,411666,2026-08-19,20318171701,8359,4011101000,VERDE,36,52779.81,56439.11,10249.0,10350.0
118-2026-412362-4011101000,118-2026-412362,118,2026,412362,2026-08-19,20100012856,4303,4011101000,VERDE,26,93434.47,96983.98,21955.54,21955.54
118-2026-412375-4011101000,118-2026-412375,118,2026,412375,2026-08-19,20100012856,4303,4011101000,VERDE,14,81866.22,85242.21,19425.77,19681.74
118-2026-412387-4011101000,118-2026-412387,118,2026,412387,2026-08-19,20100012856,4303,4011101000,VERDE,15,87914.28,91380.99,19914.95,19914.95
118-2026-412518-4011101000,118-2026-412518,118,2026,412518,2026-08-20,20140441083,2585,4011101000,VERDE,34,70177.0,90579.65,33310.0,33310.0
118-2026-412532-4011101000,118-2026-412532,118,2026,412532,2026-08-20,20140441083,2585,4011101000,VERDE,16,52549.0,65553.72,21200.0,21200.0
118-2026-412547-4011101000,118-2026-412547,118,2026,412547,2026-08-20,20140441083,2585,4011101000,VERDE,33,146826.6,185823.44,68240.0,68240.0
118-2026-412549-4011101000,118-2026-412549,118,2026,412549,2026-08-20,20140441083,2585,4011101000,VERDE,22,81751.5,101263.26,37600.0,37600.0
118-2026-412995-4011101000,118-2026-412995,118,2026,412995,2026-08-20,20318171701,6496,4011101000,VERDE,30,116943.3,147016.77,55520.0,55520.0
118-2026-413030-4011101000,118-2026-413030,118,2026,413030,2026-08-20,20603590687,3237,4011101000,VERDE,32,46513.24,53910.94,19120.0,19120.0
118-2026-413448-4011101000,118-2026-413448,118,2026,413448,2026-08-20,20106472310,7530,4011101000,VERDE,34,167042.39,198542.39,77970.0,77970.0
118-2026-413583-4011101000,118-2026-413583,118,2026,413583,2026-08-20,20506634858,6496,4011101000,VERDE,35,173735.04,214462.22,83480.0,83480.0
118-2026-413749-4011101000,118-2026-413749,118,2026,413749,2026-08-20,20492565319,7026,4011101000,VERDE,24,46565.0,53744.75,7260.0,7260.0
118-2026-414490-4011101000,118-2026-414490,118,2026,414490,2026-08-21,20100012856,4303,4011101000,VERDE,11,87270.79,89379.85,29210.0,29210.0
118-2026-414516-4011101000,118-2026-414516,118,2026,414516,2026-08-21,20606219165,8340,4011101000,VERDE,20,22040.36,27616.48,10900.0,10900.0
118-2026-414603-4011101000,118-2026-414603,118,2026,414603,2026-08-21,20537874105,6815,4011101000,VERDE,14,34348.0,39763.22,14320.0,14320.0
118-2026-414613-4011101000,118-2026-414613,118,2026,414613,2026-08-21,20112273922,3728,4011101000,VERDE,9,50953.35,56864.04,18354.0,18640.0
118-2026-414949-4011101000,118-2026-414949,118,2026,414949,2026-08-21,20140441083,2585,4011101000,VERDE,52,134425.12,166565.2,55750.0,55750.0
118-2026-414960-4011101000,118-2026-414960,118,2026,414960,2026-08-21,20167930868,6892,4011101000,VERDE,12,60281.7,63345.87,11900.0,11900.0
118-2026-415002-4011101000,118-2026-415002,118,2026,415002,2026-08-21,20140441083,2585,4011101000,VERDE,11,55173.04,68051.75,23200.0,23200.0
118-2026-417959-4011101000,118-2026-417959,118,2026,417959,2026-08-22,20318171701,8359,4011101000,VERDE,24,132285.26,162366.4,53960.0,53960.0
118-2026-417999-4011101000,118-2026-417999,118,2026,417999,2026-08-22,20506634858,6496,4011101000,VERDE,29,109494.73,135614.73,48540.0,48540.0
118-2026-418645-4011101000,118-2026-418645,118,2026,418645,2026-08-24,20606219165,8340,4011101000,VERDE,22,30030.34,34610.43,11653.02,11653.02
118-2026-418752-4011101000,118-2026-418752,118,2026,418752,2026-08-24,20100012856,4303,4011101000,VERDE,13,23638.2,25142.77,3772.18,4830.0
118-2026-418908-4011101000,118-2026-418908,118,2026,418908,2026-08-24,20502911385,0177,4011101000,VERDE,17,51868.6,61028.6,23760.0,23760.0
118-2026-419040-4011101000,118-2026-419040,118,2026,419040,2026-08-24,20297970489,3307,4011101000,VERDE,17,23209.6,28033.51,10600.0,10600.0
118-2026-419324-4011101000,118-2026-419324,118,2026,419324,2026-08-24,20318171701,8359,4011101000,VERDE,31,109497.27,120423.78,24250.0,24250.0
118-2026-419385-4011101000,118-2026-419385,118,2026,419385,2026-08-24,20464428730,7530,4011101000,VERDE,21,66971.18,70250.75,8950.0,8950.0
118-2026-419395-4011101000,118-2026-419395,118,2026,419395,2026-08-24,20318171701,6496,4011101000,VERDE,59,106024.65,130089.66,44420.0,44420.0
118-2026-420329-4011101000,118-2026-420329,118,2026,420329,2026-08-24,20100012856,4303,4011101000,VERDE,10,98649.79,108196.53,29302.44,30690.0
118-2026-420339-4011101000,118-2026-420339,118,2026,420339,2026-08-25,20100012856,4303,4011101000,VERDE,6,94639.7,98207.29,23100.0,23100.0
118-2026-420349-4011101000,118-2026-420349,118,2026,420349,2026-08-25,20100012856,4303,4011101000,VERDE,17,87426.71,90886.11,18870.0,18870.0
118-2026-420396-4011101000,118-2026-420396,118,2026,420396,2026-08-25,20318171701,6437,4011101000,VERDE,37,139043.54,169128.06,62118.64,65388.05
118-2026-423288-4011101000,118-2026-423288,118,2026,423288,2026-08-25,20167930868,6892,4011101000,VERDE,20,516922.27,579055.74,132117.0,132117.0
118-2026-423658-4011101000,118-2026-423658,118,2026,423658,2026-08-25,20517547434,4867,4011101000,VERDE,74,102433.58,121100.88,43880.0,43880.0
118-2026-424301-4011101000,118-2026-424301,118,2026,424301,2026-08-26,20606219165,8340,4011101000,VERDE,12,30046.22,35846.35,12762.42,12762.42
118-2026-424351-4011101000,118-2026-424351,118,2026,424351,2026-08-26,20101130160,5910,4011101000,VERDE,30,39338.3,40908.32,3390.0,3390.0
118-2026-424417-4011101000,118-2026-424417,118,2026,424417,2026-08-26,20608774212,8340,4011101000,VERDE,11,27299.6,33081.49,12807.0,12807.0
118-2026-424584-4011101000,118-2026-424584,118,2026,424584,2026-08-26,20140441083,6171,4011101000,VERDE,7,28511.18,35323.84,11419.0,12020.0
118-2026-424693-4011101000,118-2026-424693,118,2026,424693,2026-08-26,20140441083,6171,4011101000,VERDE,23,29528.4,35972.48,9851.5,10370.0
118-2026-424776-4011101000,118-2026-424776,118,2026,424776,2026-08-26,20608774212,8340,4011101000,VERDE,20,21620.96,27385.82,10760.0,10760.0
118-2026-425502-4011101000,118-2026-425502,118,2026,425502,2026-08-26,20381499627,4920,4011101000,VERDE,19,232634.5,269787.84,99540.0,99540.0
118-2026-425789-4011101000,118-2026-425789,118,2026,425789,2026-08-26,20606219165,8340,4011101000,VERDE,20,28375.96,34171.08,12037.44,12037.44
118-2026-426404-4011101000,118-2026-426404,118,2026,426404,2026-08-27,20112273922,3728,4011101000,VERDE,10,71953.6,77406.26,25542.0,25542.0
118-2026-426982-4011101000,118-2026-426982,118,2026,426982,2026-08-27,20318171701,8359,4011101000,VERDE,44,161310.53,193327.15,64816.4,64816.4
118-2026-427011-4011101000,118-2026-427011,118,2026,427011,2026-08-27,20100025915,7332,4011101000,VERDE,11,32086.1,38342.39,11520.0,11520.0
118-2026-427121-4011101000,118-2026-427121,118,2026,427121,2026-08-27,20611446307,7521,4011101000,VERDE,5,32536.0,37874.04,12000.0,12000.0
118-2026-428231-4011101000,118-2026-428231,118,2026,428231,2026-08-27,20506634858,9448,4011101000,VERDE,39,117804.5,144376.65,52896.0,55680.0
118-2026-428763-4011101000,118-2026-428763,118,2026,428763,2026-08-28,20606219165,8340,4011101000,VERDE,5,27897.64,32781.33,12220.0,12220.0
118-2026-430086-4011101000,118-2026-430086,118,2026,430086,2026-08-28,20297970489,3307,4011101000,VERDE,7,64297.0,74463.23,30510.0,30510.0
118-2026-430814-4011101000,118-2026-430814,118,2026,430814,2026-08-28,20318171701,6496,4011101000,VERDE,15,151119.8,172706.11,63580.0,63580.0
118-2026-431053-4011101000,118-2026-431053,118,2026,431053,2026-08-28,20522199495,4920,4011101000,VERDE,12,26137.48,30771.69,26439.0,26439.0
118-2026-432344-4011101000,118-2026-432344,118,2026,432344,2026-08-29,20380130336,6437,4011101000,VERDE,17,27089.29,30853.99,1843.7,1948.0
118-2026-432418-4011101000,118-2026-432418,118,2026,432418,2026-08-29,20492565319,7396,4011101000,VERDE,44,51378.68,62970.43,19826.5,20870.0
118-2026-433199-4011101000,118-2026-433199,118,2026,433199,2026-08-29,20551933041,6658,4011101000,VERDE,7,27239.0,33294.07,10735.0,10880.0
118-2026-434115-4011101000,118-2026-434115,118,2026,434115,2026-08-31,20318171701,8359,4011101000,VERDE,42,94109.64,101416.18,19460.0,19460.0
118-2026-434270-4011101000,118-2026-434270,118,2026,434270,2026-08-31,20318171701,6437,4011101000,VERDE,27,141269.5,177358.13,63317.5,66650.0
118-2026-434490-4011101000,118-2026-434490,118,2026,434490,2026-08-31,20100025915,7332,4011101000,VERDE,7,32911.8,40155.47,11750.0,11750.0
118-2026-434896-4011101000,118-2026-434896,118,2026,434896,2026-08-31,20100084768,1225,4011101000,VERDE,40,209777.98,213422.4,45259.56,45810.0
118-2026-435244-4011101000,118-2026-435244,118,2026,435244,2026-08-31,20603230052,9637,4011101000,VERDE,11,72148.22,74558.16,10479.15,10479.15
118-2026-435979-4011101000,118-2026-435979,118,2026,435979,2026-09-01,20140441083,6171,4011101000,VERDE,11,25930.4,31969.35,10592.5,11150.0
118-2026-437145-4011101000,118-2026-437145,118,2026,437145,2026-09-01,20381499627,4920,4011101000,VERDE,7,119392.65,146401.49,47426.07,47426.07
118-2026-437270-4011101000,118-2026-437270,118,2026,437270,2026-09-01,20100012856,4303,4011101000,VERDE,14,41434.23,43129.74,9552.23,9552.23
118-2026-437386-4011101000,118-2026-437386,118,2026,437386,2026-09-02,20140441083,2585,4011101000,VERDE,40,54883.34,62606.59,9131.08,9131.08
118-2026-437501-4011101000,118-2026-437501,118,2026,437501,2026-09-02,20254009254,1874,4011101000,VERDE,27,25008.54,31456.22,9708.05,10219.0
118-2026-437558-4011101000,118-2026-437558,118,2026,437558,2026-09-02,20140441083,2585,4011101000,VERDE,71,169483.25,192125.5,28530.0,28530.0
118-2026-437765-4011101000,118-2026-437765,118,2026,437765,2026-09-02,20446389328,1874,4011101000,NARANJA,28,58680.86,69856.86,23037.5,24250.0
118-2026-438218-4011101000,118-2026-438218,118,2026,438218,2026-09-02,20549272585,5794,4011101000,VERDE,42,28478.4,33789.93,13020.0,13020.0
118-2026-438250-4011101000,118-2026-438250,118,2026,438250,2026-09-02,20549272585,5794,4011101000,VERDE,28,26667.6,32215.83,12180.0,12180.0
118-2026-439049-4011101000,118-2026-439049,118,2026,439049,2026-09-02,20100012856,4303,4011101000,VERDE,8,54430.73,56321.19,13257.71,13257.71
118-2026-439061-4011101000,118-2026-439061,118,2026,439061,2026-09-02,20100012856,4303,4011101000,VERDE,16,108430.05,112204.49,26164.31,26164.31
118-2026-439128-4011101000,118-2026-439128,118,2026,439128,2026-09-02,20167930868,6892,4011101000,VERDE,85,218454.51,227079.4,27598.32,27598.32
118-2026-439834-4011101000,118-2026-439834,118,2026,439834,2026-09-02,20100012856,4303,4011101000,VERDE,14,41621.26,43319.57,9461.52,9461.52
118-2026-439850-4011101000,118-2026-439850,118,2026,439850,2026-09-02,20100012856,4303,4011101000,VERDE,29,94787.91,98357.72,22121.94,22121.94
118-2026-439856-4011101000,118-2026-439856,118,2026,439856,2026-09-03,20100012856,4303,4011101000,VERDE,36,84436.2,87931.8,19638.24,19638.24
118-2026-439914-4011101000,118-2026-439914,118,2026,439914,2026-09-03,20318171701,8359,4011101000,VERDE,27,73706.21,75204.03,9100.0,9100.0
118-2026-440355-4011101000,118-2026-440355,118,2026,440355,2026-09-03,20101130160,5910,4011101000,VERDE,54,32555.69,37705.69,11480.0,11480.0
118-2026-440402-4011101000,118-2026-440402,118,2026,440402,2026-09-03,20318171701,8359,4011101000,VERDE,37,68362.2,78447.4,17810.0,17810.0
118-2026-440889-4011101000,118-2026-440889,118,2026,440889,2026-09-03,20492565319,7396,4011101000,VERDE,22,40250.25,46318.42,10589.98,11147.35
118-2026-442550-4011101000,118-2026-442550,118,2026,442550,2026-09-04,20297970489,3307,4011101000,VERDE,18,57274.8,66933.79,31160.0,31160.0
118-2026-442605-4011101000,118-2026-442605,118,2026,442605,2026-09-04,20140441083,2585,4011101000,VERDE,11,50586.8,62645.6,23400.0,23400.0
118-2026-442853-4011101000,118-2026-442853,118,2026,442853,2026-09-04,20318171701,8359,4011101000,VERDE,20,70219.72,72380.89,9880.0,9880.0
118-2026-442924-4011101000,118-2026-442924,118,2026,442924,2026-09-04,20297970489,3307,4011101000,VERDE,5,35409.0,40245.47,16460.0,16460.0
118-2026-443085-4011101000,118-2026-443085,118,2026,443085,2026-09-04,20297970489,3307,4011101000,VERDE,8,86539.8,101028.94,48630.0,48630.0
118-2026-443381-4011101000,118-2026-443381,118,2026,443381,2026-09-04,20549272585,5794,4011101000,VERDE,32,27541.5,33090.91,11160.0,11160.0
118-2026-443780-4011101000,118-2026-443780,118,2026,443780,2026-09-04,20318171701,6496,4011101000,VERDE,52,199957.29,227096.07,78026.0,78026.0
118-2026-444029-4011101000,118-2026-444029,118,2026,444029,2026-09-05,20318171701,6496,4011101000,VERDE,8,175241.49,202367.26,87219.0,87219.0
118-2026-444143-4011101000,118-2026-444143,118,2026,444143,2026-09-05,20318171701,6496,4011101000,VERDE,34,226341.5,253494.17,106557.0,106557.0
118-2026-444219-4011101000,118-2026-444219,118,2026,444219,2026-09-05,20603590687,3237,4011101000,VERDE,25,30687.96,35738.28,11670.0,11670.0
118-2026-444591-4011101000,118-2026-444591,118,2026,444591,2026-09-07,20318171701,6496,4011101000,VERDE,31,214742.99,241889.55,92003.0,92003.0
118-2026-445084-4011101000,118-2026-445084,118,2026,445084,2026-09-07,20492565319,7026,4011101000,VERDE,8,45078.0,51605.29,10748.42,10748.42
118-2026-445229-4011101000,118-2026-445229,118,2026,445229,2026-09-07,20101130160,5910,4011101000,VERDE,43,49892.7,53542.7,9447.0,9447.0
118-2026-445356-4011101000,118-2026-445356,118,2026,445356,2026-09-07,20318171701,6496,4011101000,VERDE,84,280012.25,301929.6,60250.0,60250.0
